rate_name,component,month,day_type,hour,value_usd_per_kwh,rate_lookup_id,source_value_name,sector
NBT00,delivery,Jan,Weekday,0,0.000812,USCA-SDXX-NB00-0000,Jan Weekday HS0,All
NBT00,delivery,Jan,Weekday,1,0.000793,USCA-SDXX-NB00-0000,Jan Weekday HS1,All
NBT00,delivery,Jan,Weekday,2,0.000772,USCA-SDXX-NB00-0000,Jan Weekday HS2,All
NBT00,delivery,Jan,Weekday,3,0.000767,USCA-SDXX-NB00-0000,Jan Weekday HS3,All
NBT00,delivery,Jan,Weekday,4,0.000787,USCA-SDXX-NB00-0000,Jan Weekday HS4,All
NBT00,delivery,Jan,Weekday,5,0.00082,USCA-SDXX-NB00-0000,Jan Weekday HS5,All
NBT00,delivery,Jan,Weekday,6,0.000821,USCA-SDXX-NB00-0000,Jan Weekday HS6,All
NBT00,delivery,Jan,Weekday,7,0.000778,USCA-SDXX-NB00-0000,Jan Weekday HS7,All
NBT00,delivery,Jan,Weekday,8,0.000668,USCA-SDXX-NB00-0000,Jan Weekday HS8,All
NBT00,delivery,Jan,Weekday,9,0.000595,USCA-SDXX-NB00-0000,Jan Weekday HS9,All
NBT00,delivery,Jan,Weekday,10,0.00058,USCA-SDXX-NB00-0000,Jan Weekday HS10,All
NBT00,delivery,Jan,Weekday,11,0.000573,USCA-SDXX-NB00-0000,Jan Weekday HS11,All
NBT00,delivery,Jan,Weekday,12,0.000573,USCA-SDXX-NB00-0000,Jan Weekday HS12,All
NBT00,delivery,Jan,Weekday,13,0.000548,USCA-SDXX-NB00-0000,Jan Weekday HS13,All
NBT00,delivery,Jan,Weekday,14,0.000539,USCA-SDXX-NB00-0000,Jan Weekday HS14,All
NBT00,delivery,Jan,Weekday,15,0.000557,USCA-SDXX-NB00-0000,Jan Weekday HS15,All
NBT00,delivery,Jan,Weekday,16,0.000713,USCA-SDXX-NB00-0000,Jan Weekday HS16,All
NBT00,delivery,Jan,Weekday,17,0.001596,USCA-SDXX-NB00-0000,Jan Weekday HS17,All
NBT00,delivery,Jan,Weekday,18,0.001644,USCA-SDXX-NB00-0000,Jan Weekday HS18,All
NBT00,delivery,Jan,Weekday,19,0.001458,USCA-SDXX-NB00-0000,Jan Weekday HS19,All
NBT00,delivery,Jan,Weekday,20,0.001452,USCA-SDXX-NB00-0000,Jan Weekday HS20,All
NBT00,delivery,Jan,Weekday,21,0.001439,USCA-SDXX-NB00-0000,Jan Weekday HS21,All
NBT00,delivery,Jan,Weekday,22,0.001457,USCA-SDXX-NB00-0000,Jan Weekday HS22,All
NBT00,delivery,Jan,Weekday,23,0.001411,USCA-SDXX-NB00-0000,Jan Weekday HS23,All
NBT00,delivery,Jan,Weekend,0,0.000804,USCA-SDXX-NB00-0000,Jan Weekend HS0,All
NBT00,delivery,Jan,Weekend,1,0.00081,USCA-SDXX-NB00-0000,Jan Weekend HS1,All
NBT00,delivery,Jan,Weekend,2,0.000792,USCA-SDXX-NB00-0000,Jan Weekend HS2,All
NBT00,delivery,Jan,Weekend,3,0.00078,USCA-SDXX-NB00-0000,Jan Weekend HS3,All
NBT00,delivery,Jan,Weekend,4,0.00077,USCA-SDXX-NB00-0000,Jan Weekend HS4,All
NBT00,delivery,Jan,Weekend,5,0.00078,USCA-SDXX-NB00-0000,Jan Weekend HS5,All
NBT00,delivery,Jan,Weekend,6,0.000804,USCA-SDXX-NB00-0000,Jan Weekend HS6,All
NBT00,delivery,Jan,Weekend,7,0.000727,USCA-SDXX-NB00-0000,Jan Weekend HS7,All
NBT00,delivery,Jan,Weekend,8,0.000598,USCA-SDXX-NB00-0000,Jan Weekend HS8,All
NBT00,delivery,Jan,Weekend,9,0.000509,USCA-SDXX-NB00-0000,Jan Weekend HS9,All
NBT00,delivery,Jan,Weekend,10,0.000493,USCA-SDXX-NB00-0000,Jan Weekend HS10,All
NBT00,delivery,Jan,Weekend,11,0.000481,USCA-SDXX-NB00-0000,Jan Weekend HS11,All
NBT00,delivery,Jan,Weekend,12,0.000485,USCA-SDXX-NB00-0000,Jan Weekend HS12,All
NBT00,delivery,Jan,Weekend,13,0.000438,USCA-SDXX-NB00-0000,Jan Weekend HS13,All
NBT00,delivery,Jan,Weekend,14,0.000476,USCA-SDXX-NB00-0000,Jan Weekend HS14,All
NBT00,delivery,Jan,Weekend,15,0.000493,USCA-SDXX-NB00-0000,Jan Weekend HS15,All
NBT00,delivery,Jan,Weekend,16,0.000722,USCA-SDXX-NB00-0000,Jan Weekend HS16,All
NBT00,delivery,Jan,Weekend,17,0.00095,USCA-SDXX-NB00-0000,Jan Weekend HS17,All
NBT00,delivery,Jan,Weekend,18,0.000854,USCA-SDXX-NB00-0000,Jan Weekend HS18,All
NBT00,delivery,Jan,Weekend,19,0.000793,USCA-SDXX-NB00-0000,Jan Weekend HS19,All
NBT00,delivery,Jan,Weekend,20,0.000783,USCA-SDXX-NB00-0000,Jan Weekend HS20,All
NBT00,delivery,Jan,Weekend,21,0.000776,USCA-SDXX-NB00-0000,Jan Weekend HS21,All
NBT00,delivery,Jan,Weekend,22,0.000807,USCA-SDXX-NB00-0000,Jan Weekend HS22,All
NBT00,delivery,Jan,Weekend,23,0.000777,USCA-SDXX-NB00-0000,Jan Weekend HS23,All
NBT00,delivery,Feb,Weekday,0,0.000817,USCA-SDXX-NB00-0000,Feb Weekday HS0,All
NBT00,delivery,Feb,Weekday,1,0.000794,USCA-SDXX-NB00-0000,Feb Weekday HS1,All
NBT00,delivery,Feb,Weekday,2,0.000811,USCA-SDXX-NB00-0000,Feb Weekday HS2,All
NBT00,delivery,Feb,Weekday,3,0.000812,USCA-SDXX-NB00-0000,Feb Weekday HS3,All
NBT00,delivery,Feb,Weekday,4,0.000831,USCA-SDXX-NB00-0000,Feb Weekday HS4,All
NBT00,delivery,Feb,Weekday,5,0.000816,USCA-SDXX-NB00-0000,Feb Weekday HS5,All
NBT00,delivery,Feb,Weekday,6,0.000783,USCA-SDXX-NB00-0000,Feb Weekday HS6,All
NBT00,delivery,Feb,Weekday,7,0.000753,USCA-SDXX-NB00-0000,Feb Weekday HS7,All
NBT00,delivery,Feb,Weekday,8,0.001328,USCA-SDXX-NB00-0000,Feb Weekday HS8,All
NBT00,delivery,Feb,Weekday,9,0.00048,USCA-SDXX-NB00-0000,Feb Weekday HS9,All
NBT00,delivery,Feb,Weekday,10,0.000454,USCA-SDXX-NB00-0000,Feb Weekday HS10,All
NBT00,delivery,Feb,Weekday,11,0.000436,USCA-SDXX-NB00-0000,Feb Weekday HS11,All
NBT00,delivery,Feb,Weekday,12,0.000405,USCA-SDXX-NB00-0000,Feb Weekday HS12,All
NBT00,delivery,Feb,Weekday,13,0.00036,USCA-SDXX-NB00-0000,Feb Weekday HS13,All
NBT00,delivery,Feb,Weekday,14,0.000301,USCA-SDXX-NB00-0000,Feb Weekday HS14,All
NBT00,delivery,Feb,Weekday,15,0.000284,USCA-SDXX-NB00-0000,Feb Weekday HS15,All
NBT00,delivery,Feb,Weekday,16,0.000598,USCA-SDXX-NB00-0000,Feb Weekday HS16,All
NBT00,delivery,Feb,Weekday,17,0.000997,USCA-SDXX-NB00-0000,Feb Weekday HS17,All
NBT00,delivery,Feb,Weekday,18,0.000853,USCA-SDXX-NB00-0000,Feb Weekday HS18,All
NBT00,delivery,Feb,Weekday,19,0.000801,USCA-SDXX-NB00-0000,Feb Weekday HS19,All
NBT00,delivery,Feb,Weekday,20,0.000805,USCA-SDXX-NB00-0000,Feb Weekday HS20,All
NBT00,delivery,Feb,Weekday,21,0.000778,USCA-SDXX-NB00-0000,Feb Weekday HS21,All
NBT00,delivery,Feb,Weekday,22,0.000845,USCA-SDXX-NB00-0000,Feb Weekday HS22,All
NBT00,delivery,Feb,Weekday,23,0.000809,USCA-SDXX-NB00-0000,Feb Weekday HS23,All
NBT00,delivery,Feb,Weekend,0,0.000784,USCA-SDXX-NB00-0000,Feb Weekend HS0,All
NBT00,delivery,Feb,Weekend,1,0.000794,USCA-SDXX-NB00-0000,Feb Weekend HS1,All
NBT00,delivery,Feb,Weekend,2,0.000781,USCA-SDXX-NB00-0000,Feb Weekend HS2,All
NBT00,delivery,Feb,Weekend,3,0.00078,USCA-SDXX-NB00-0000,Feb Weekend HS3,All
NBT00,delivery,Feb,Weekend,4,0.000771,USCA-SDXX-NB00-0000,Feb Weekend HS4,All
NBT00,delivery,Feb,Weekend,5,0.000769,USCA-SDXX-NB00-0000,Feb Weekend HS5,All
NBT00,delivery,Feb,Weekend,6,0.000734,USCA-SDXX-NB00-0000,Feb Weekend HS6,All
NBT00,delivery,Feb,Weekend,7,0.000648,USCA-SDXX-NB00-0000,Feb Weekend HS7,All
NBT00,delivery,Feb,Weekend,8,0.00044,USCA-SDXX-NB00-0000,Feb Weekend HS8,All
NBT00,delivery,Feb,Weekend,9,0.000245,USCA-SDXX-NB00-0000,Feb Weekend HS9,All
NBT00,delivery,Feb,Weekend,10,0.000246,USCA-SDXX-NB00-0000,Feb Weekend HS10,All
NBT00,delivery,Feb,Weekend,11,0.000223,USCA-SDXX-NB00-0000,Feb Weekend HS11,All
NBT00,delivery,Feb,Weekend,12,0.000223,USCA-SDXX-NB00-0000,Feb Weekend HS12,All
NBT00,delivery,Feb,Weekend,13,0.000201,USCA-SDXX-NB00-0000,Feb Weekend HS13,All
NBT00,delivery,Feb,Weekend,14,0.000198,USCA-SDXX-NB00-0000,Feb Weekend HS14,All
NBT00,delivery,Feb,Weekend,15,0.000174,USCA-SDXX-NB00-0000,Feb Weekend HS15,All
NBT00,delivery,Feb,Weekend,16,0.000525,USCA-SDXX-NB00-0000,Feb Weekend HS16,All
NBT00,delivery,Feb,Weekend,17,0.000909,USCA-SDXX-NB00-0000,Feb Weekend HS17,All
NBT00,delivery,Feb,Weekend,18,0.000934,USCA-SDXX-NB00-0000,Feb Weekend HS18,All
NBT00,delivery,Feb,Weekend,19,0.000826,USCA-SDXX-NB00-0000,Feb Weekend HS19,All
NBT00,delivery,Feb,Weekend,20,0.000798,USCA-SDXX-NB00-0000,Feb Weekend HS20,All
NBT00,delivery,Feb,Weekend,21,0.000769,USCA-SDXX-NB00-0000,Feb Weekend HS21,All
NBT00,delivery,Feb,Weekend,22,0.000778,USCA-SDXX-NB00-0000,Feb Weekend HS22,All
NBT00,delivery,Feb,Weekend,23,0.000841,USCA-SDXX-NB00-0000,Feb Weekend HS23,All
NBT00,delivery,Mar,Weekday,0,0.000723,USCA-SDXX-NB00-0000,Mar Weekday HS0,All
NBT00,delivery,Mar,Weekday,1,0.000688,USCA-SDXX-NB00-0000,Mar Weekday HS1,All
NBT00,delivery,Mar,Weekday,2,0.000649,USCA-SDXX-NB00-0000,Mar Weekday HS2,All
NBT00,delivery,Mar,Weekday,3,0.000643,USCA-SDXX-NB00-0000,Mar Weekday HS3,All
NBT00,delivery,Mar,Weekday,4,0.000655,USCA-SDXX-NB00-0000,Mar Weekday HS4,All
NBT00,delivery,Mar,Weekday,5,0.000686,USCA-SDXX-NB00-0000,Mar Weekday HS5,All
NBT00,delivery,Mar,Weekday,6,0.000708,USCA-SDXX-NB00-0000,Mar Weekday HS6,All
NBT00,delivery,Mar,Weekday,7,0.000639,USCA-SDXX-NB00-0000,Mar Weekday HS7,All
NBT00,delivery,Mar,Weekday,8,0.000452,USCA-SDXX-NB00-0000,Mar Weekday HS8,All
NBT00,delivery,Mar,Weekday,9,0.000207,USCA-SDXX-NB00-0000,Mar Weekday HS9,All
NBT00,delivery,Mar,Weekday,10,0.000162,USCA-SDXX-NB00-0000,Mar Weekday HS10,All
NBT00,delivery,Mar,Weekday,11,0.000151,USCA-SDXX-NB00-0000,Mar Weekday HS11,All
NBT00,delivery,Mar,Weekday,12,0.000154,USCA-SDXX-NB00-0000,Mar Weekday HS12,All
NBT00,delivery,Mar,Weekday,13,0.000115,USCA-SDXX-NB00-0000,Mar Weekday HS13,All
NBT00,delivery,Mar,Weekday,14,0.000101,USCA-SDXX-NB00-0000,Mar Weekday HS14,All
NBT00,delivery,Mar,Weekday,15,0.000113,USCA-SDXX-NB00-0000,Mar Weekday HS15,All
NBT00,delivery,Mar,Weekday,16,0.000221,USCA-SDXX-NB00-0000,Mar Weekday HS16,All
NBT00,delivery,Mar,Weekday,17,0.00055,USCA-SDXX-NB00-0000,Mar Weekday HS17,All
NBT00,delivery,Mar,Weekday,18,0.000796,USCA-SDXX-NB00-0000,Mar Weekday HS18,All
NBT00,delivery,Mar,Weekday,19,0.000785,USCA-SDXX-NB00-0000,Mar Weekday HS19,All
NBT00,delivery,Mar,Weekday,20,0.000736,USCA-SDXX-NB00-0000,Mar Weekday HS20,All
NBT00,delivery,Mar,Weekday,21,0.000708,USCA-SDXX-NB00-0000,Mar Weekday HS21,All
NBT00,delivery,Mar,Weekday,22,0.000668,USCA-SDXX-NB00-0000,Mar Weekday HS22,All
NBT00,delivery,Mar,Weekday,23,0.000684,USCA-SDXX-NB00-0000,Mar Weekday HS23,All
NBT00,delivery,Mar,Weekend,0,0.000655,USCA-SDXX-NB00-0000,Mar Weekend HS0,All
NBT00,delivery,Mar,Weekend,1,0.000668,USCA-SDXX-NB00-0000,Mar Weekend HS1,All
NBT00,delivery,Mar,Weekend,2,0.000681,USCA-SDXX-NB00-0000,Mar Weekend HS2,All
NBT00,delivery,Mar,Weekend,3,0.000696,USCA-SDXX-NB00-0000,Mar Weekend HS3,All
NBT00,delivery,Mar,Weekend,4,0.000686,USCA-SDXX-NB00-0000,Mar Weekend HS4,All
NBT00,delivery,Mar,Weekend,5,0.000686,USCA-SDXX-NB00-0000,Mar Weekend HS5,All
NBT00,delivery,Mar,Weekend,6,0.000661,USCA-SDXX-NB00-0000,Mar Weekend HS6,All
NBT00,delivery,Mar,Weekend,7,0.000596,USCA-SDXX-NB00-0000,Mar Weekend HS7,All
NBT00,delivery,Mar,Weekend,8,5.8e-05,USCA-SDXX-NB00-0000,Mar Weekend HS8,All
NBT00,delivery,Mar,Weekend,9,1.5e-05,USCA-SDXX-NB00-0000,Mar Weekend HS9,All
NBT00,delivery,Mar,Weekend,10,4e-05,USCA-SDXX-NB00-0000,Mar Weekend HS10,All
NBT00,delivery,Mar,Weekend,11,2.6e-05,USCA-SDXX-NB00-0000,Mar Weekend HS11,All
NBT00,delivery,Mar,Weekend,12,4e-06,USCA-SDXX-NB00-0000,Mar Weekend HS12,All
NBT00,delivery,Mar,Weekend,13,5e-06,USCA-SDXX-NB00-0000,Mar Weekend HS13,All
NBT00,delivery,Mar,Weekend,14,0.0,USCA-SDXX-NB00-0000,Mar Weekend HS14,All
NBT00,delivery,Mar,Weekend,15,3.5e-05,USCA-SDXX-NB00-0000,Mar Weekend HS15,All
NBT00,delivery,Mar,Weekend,16,0.000159,USCA-SDXX-NB00-0000,Mar Weekend HS16,All
NBT00,delivery,Mar,Weekend,17,0.000307,USCA-SDXX-NB00-0000,Mar Weekend HS17,All
NBT00,delivery,Mar,Weekend,18,0.000693,USCA-SDXX-NB00-0000,Mar Weekend HS18,All
NBT00,delivery,Mar,Weekend,19,0.000719,USCA-SDXX-NB00-0000,Mar Weekend HS19,All
NBT00,delivery,Mar,Weekend,20,0.000695,USCA-SDXX-NB00-0000,Mar Weekend HS20,All
NBT00,delivery,Mar,Weekend,21,0.000691,USCA-SDXX-NB00-0000,Mar Weekend HS21,All
NBT00,delivery,Mar,Weekend,22,0.000672,USCA-SDXX-NB00-0000,Mar Weekend HS22,All
NBT00,delivery,Mar,Weekend,23,0.000635,USCA-SDXX-NB00-0000,Mar Weekend HS23,All
NBT00,delivery,Apr,Weekday,0,0.000734,USCA-SDXX-NB00-0000,Apr Weekday HS0,All
NBT00,delivery,Apr,Weekday,1,0.000712,USCA-SDXX-NB00-0000,Apr Weekday HS1,All
NBT00,delivery,Apr,Weekday,2,0.000763,USCA-SDXX-NB00-0000,Apr Weekday HS2,All
NBT00,delivery,Apr,Weekday,3,0.000739,USCA-SDXX-NB00-0000,Apr Weekday HS3,All
NBT00,delivery,Apr,Weekday,4,0.000728,USCA-SDXX-NB00-0000,Apr Weekday HS4,All
NBT00,delivery,Apr,Weekday,5,0.000743,USCA-SDXX-NB00-0000,Apr Weekday HS5,All
NBT00,delivery,Apr,Weekday,6,0.000673,USCA-SDXX-NB00-0000,Apr Weekday HS6,All
NBT00,delivery,Apr,Weekday,7,0.000539,USCA-SDXX-NB00-0000,Apr Weekday HS7,All
NBT00,delivery,Apr,Weekday,8,0.00012,USCA-SDXX-NB00-0000,Apr Weekday HS8,All
NBT00,delivery,Apr,Weekday,9,4.5e-05,USCA-SDXX-NB00-0000,Apr Weekday HS9,All
NBT00,delivery,Apr,Weekday,10,7.3e-05,USCA-SDXX-NB00-0000,Apr Weekday HS10,All
NBT00,delivery,Apr,Weekday,11,6.4e-05,USCA-SDXX-NB00-0000,Apr Weekday HS11,All
NBT00,delivery,Apr,Weekday,12,3.7e-05,USCA-SDXX-NB00-0000,Apr Weekday HS12,All
NBT00,delivery,Apr,Weekday,13,1.3e-05,USCA-SDXX-NB00-0000,Apr Weekday HS13,All
NBT00,delivery,Apr,Weekday,14,5e-06,USCA-SDXX-NB00-0000,Apr Weekday HS14,All
NBT00,delivery,Apr,Weekday,15,1e-06,USCA-SDXX-NB00-0000,Apr Weekday HS15,All
NBT00,delivery,Apr,Weekday,16,7e-06,USCA-SDXX-NB00-0000,Apr Weekday HS16,All
NBT00,delivery,Apr,Weekday,17,4.3e-05,USCA-SDXX-NB00-0000,Apr Weekday HS17,All
NBT00,delivery,Apr,Weekday,18,0.000728,USCA-SDXX-NB00-0000,Apr Weekday HS18,All
NBT00,delivery,Apr,Weekday,19,0.000726,USCA-SDXX-NB00-0000,Apr Weekday HS19,All
NBT00,delivery,Apr,Weekday,20,0.000718,USCA-SDXX-NB00-0000,Apr Weekday HS20,All
NBT00,delivery,Apr,Weekday,21,0.000703,USCA-SDXX-NB00-0000,Apr Weekday HS21,All
NBT00,delivery,Apr,Weekday,22,0.000677,USCA-SDXX-NB00-0000,Apr Weekday HS22,All
NBT00,delivery,Apr,Weekday,23,0.00074,USCA-SDXX-NB00-0000,Apr Weekday HS23,All
NBT00,delivery,Apr,Weekend,0,0.000636,USCA-SDXX-NB00-0000,Apr Weekend HS0,All
NBT00,delivery,Apr,Weekend,1,0.000644,USCA-SDXX-NB00-0000,Apr Weekend HS1,All
NBT00,delivery,Apr,Weekend,2,0.000716,USCA-SDXX-NB00-0000,Apr Weekend HS2,All
NBT00,delivery,Apr,Weekend,3,0.000758,USCA-SDXX-NB00-0000,Apr Weekend HS3,All
NBT00,delivery,Apr,Weekend,4,0.000721,USCA-SDXX-NB00-0000,Apr Weekend HS4,All
NBT00,delivery,Apr,Weekend,5,0.000733,USCA-SDXX-NB00-0000,Apr Weekend HS5,All
NBT00,delivery,Apr,Weekend,6,0.000665,USCA-SDXX-NB00-0000,Apr Weekend HS6,All
NBT00,delivery,Apr,Weekend,7,0.000442,USCA-SDXX-NB00-0000,Apr Weekend HS7,All
NBT00,delivery,Apr,Weekend,8,1.2e-05,USCA-SDXX-NB00-0000,Apr Weekend HS8,All
NBT00,delivery,Apr,Weekend,9,1.3e-05,USCA-SDXX-NB00-0000,Apr Weekend HS9,All
NBT00,delivery,Apr,Weekend,10,7.1e-05,USCA-SDXX-NB00-0000,Apr Weekend HS10,All
NBT00,delivery,Apr,Weekend,11,4.1e-05,USCA-SDXX-NB00-0000,Apr Weekend HS11,All
NBT00,delivery,Apr,Weekend,12,6e-06,USCA-SDXX-NB00-0000,Apr Weekend HS12,All
NBT00,delivery,Apr,Weekend,13,0.0,USCA-SDXX-NB00-0000,Apr Weekend HS13,All
NBT00,delivery,Apr,Weekend,14,0.0,USCA-SDXX-NB00-0000,Apr Weekend HS14,All
NBT00,delivery,Apr,Weekend,15,0.0,USCA-SDXX-NB00-0000,Apr Weekend HS15,All
NBT00,delivery,Apr,Weekend,16,0.0,USCA-SDXX-NB00-0000,Apr Weekend HS16,All
NBT00,delivery,Apr,Weekend,17,2.4e-05,USCA-SDXX-NB00-0000,Apr Weekend HS17,All
NBT00,delivery,Apr,Weekend,18,0.000678,USCA-SDXX-NB00-0000,Apr Weekend HS18,All
NBT00,delivery,Apr,Weekend,19,0.000777,USCA-SDXX-NB00-0000,Apr Weekend HS19,All
NBT00,delivery,Apr,Weekend,20,0.000658,USCA-SDXX-NB00-0000,Apr Weekend HS20,All
NBT00,delivery,Apr,Weekend,21,0.000667,USCA-SDXX-NB00-0000,Apr Weekend HS21,All
NBT00,delivery,Apr,Weekend,22,0.000653,USCA-SDXX-NB00-0000,Apr Weekend HS22,All
NBT00,delivery,Apr,Weekend,23,0.000674,USCA-SDXX-NB00-0000,Apr Weekend HS23,All
NBT00,delivery,May,Weekday,0,0.000747,USCA-SDXX-NB00-0000,May Weekday HS0,All
NBT00,delivery,May,Weekday,1,0.000707,USCA-SDXX-NB00-0000,May Weekday HS1,All
NBT00,delivery,May,Weekday,2,0.000731,USCA-SDXX-NB00-0000,May Weekday HS2,All
NBT00,delivery,May,Weekday,3,0.000774,USCA-SDXX-NB00-0000,May Weekday HS3,All
NBT00,delivery,May,Weekday,4,0.000778,USCA-SDXX-NB00-0000,May Weekday HS4,All
NBT00,delivery,May,Weekday,5,0.000715,USCA-SDXX-NB00-0000,May Weekday HS5,All
NBT00,delivery,May,Weekday,6,0.000636,USCA-SDXX-NB00-0000,May Weekday HS6,All
NBT00,delivery,May,Weekday,7,0.000597,USCA-SDXX-NB00-0000,May Weekday HS7,All
NBT00,delivery,May,Weekday,8,0.000215,USCA-SDXX-NB00-0000,May Weekday HS8,All
NBT00,delivery,May,Weekday,9,0.000109,USCA-SDXX-NB00-0000,May Weekday HS9,All
NBT00,delivery,May,Weekday,10,0.000119,USCA-SDXX-NB00-0000,May Weekday HS10,All
NBT00,delivery,May,Weekday,11,8.9e-05,USCA-SDXX-NB00-0000,May Weekday HS11,All
NBT00,delivery,May,Weekday,12,8.5e-05,USCA-SDXX-NB00-0000,May Weekday HS12,All
NBT00,delivery,May,Weekday,13,9.7e-05,USCA-SDXX-NB00-0000,May Weekday HS13,All
NBT00,delivery,May,Weekday,14,8.3e-05,USCA-SDXX-NB00-0000,May Weekday HS14,All
NBT00,delivery,May,Weekday,15,8e-05,USCA-SDXX-NB00-0000,May Weekday HS15,All
NBT00,delivery,May,Weekday,16,0.000107,USCA-SDXX-NB00-0000,May Weekday HS16,All
NBT00,delivery,May,Weekday,17,0.000308,USCA-SDXX-NB00-0000,May Weekday HS17,All
NBT00,delivery,May,Weekday,18,0.000778,USCA-SDXX-NB00-0000,May Weekday HS18,All
NBT00,delivery,May,Weekday,19,0.00083,USCA-SDXX-NB00-0000,May Weekday HS19,All
NBT00,delivery,May,Weekday,20,0.000723,USCA-SDXX-NB00-0000,May Weekday HS20,All
NBT00,delivery,May,Weekday,21,0.000708,USCA-SDXX-NB00-0000,May Weekday HS21,All
NBT00,delivery,May,Weekday,22,0.000721,USCA-SDXX-NB00-0000,May Weekday HS22,All
NBT00,delivery,May,Weekday,23,0.000732,USCA-SDXX-NB00-0000,May Weekday HS23,All
NBT00,delivery,May,Weekend,0,0.00066,USCA-SDXX-NB00-0000,May Weekend HS0,All
NBT00,delivery,May,Weekend,1,0.000676,USCA-SDXX-NB00-0000,May Weekend HS1,All
NBT00,delivery,May,Weekend,2,0.000773,USCA-SDXX-NB00-0000,May Weekend HS2,All
NBT00,delivery,May,Weekend,3,0.000785,USCA-SDXX-NB00-0000,May Weekend HS3,All
NBT00,delivery,May,Weekend,4,0.000736,USCA-SDXX-NB00-0000,May Weekend HS4,All
NBT00,delivery,May,Weekend,5,0.000672,USCA-SDXX-NB00-0000,May Weekend HS5,All
NBT00,delivery,May,Weekend,6,0.000652,USCA-SDXX-NB00-0000,May Weekend HS6,All
NBT00,delivery,May,Weekend,7,0.000308,USCA-SDXX-NB00-0000,May Weekend HS7,All
NBT00,delivery,May,Weekend,8,1.3e-05,USCA-SDXX-NB00-0000,May Weekend HS8,All
NBT00,delivery,May,Weekend,9,3.7e-05,USCA-SDXX-NB00-0000,May Weekend HS9,All
NBT00,delivery,May,Weekend,10,3.5e-05,USCA-SDXX-NB00-0000,May Weekend HS10,All
NBT00,delivery,May,Weekend,11,4.2e-05,USCA-SDXX-NB00-0000,May Weekend HS11,All
NBT00,delivery,May,Weekend,12,4e-05,USCA-SDXX-NB00-0000,May Weekend HS12,All
NBT00,delivery,May,Weekend,13,3.5e-05,USCA-SDXX-NB00-0000,May Weekend HS13,All
NBT00,delivery,May,Weekend,14,0.0,USCA-SDXX-NB00-0000,May Weekend HS14,All
NBT00,delivery,May,Weekend,15,0.0,USCA-SDXX-NB00-0000,May Weekend HS15,All
NBT00,delivery,May,Weekend,16,0.0,USCA-SDXX-NB00-0000,May Weekend HS16,All
NBT00,delivery,May,Weekend,17,3e-06,USCA-SDXX-NB00-0000,May Weekend HS17,All
NBT00,delivery,May,Weekend,18,0.000552,USCA-SDXX-NB00-0000,May Weekend HS18,All
NBT00,delivery,May,Weekend,19,0.000812,USCA-SDXX-NB00-0000,May Weekend HS19,All
NBT00,delivery,May,Weekend,20,0.000742,USCA-SDXX-NB00-0000,May Weekend HS20,All
NBT00,delivery,May,Weekend,21,0.00072,USCA-SDXX-NB00-0000,May Weekend HS21,All
NBT00,delivery,May,Weekend,22,0.000719,USCA-SDXX-NB00-0000,May Weekend HS22,All
NBT00,delivery,May,Weekend,23,0.000734,USCA-SDXX-NB00-0000,May Weekend HS23,All
NBT00,delivery,Jun,Weekday,0,0.000841,USCA-SDXX-NB00-0000,Jun Weekday HS0,All
NBT00,delivery,Jun,Weekday,1,0.000703,USCA-SDXX-NB00-0000,Jun Weekday HS1,All
NBT00,delivery,Jun,Weekday,2,0.000673,USCA-SDXX-NB00-0000,Jun Weekday HS2,All
NBT00,delivery,Jun,Weekday,3,0.000705,USCA-SDXX-NB00-0000,Jun Weekday HS3,All
NBT00,delivery,Jun,Weekday,4,0.000682,USCA-SDXX-NB00-0000,Jun Weekday HS4,All
NBT00,delivery,Jun,Weekday,5,0.000672,USCA-SDXX-NB00-0000,Jun Weekday HS5,All
NBT00,delivery,Jun,Weekday,6,0.000635,USCA-SDXX-NB00-0000,Jun Weekday HS6,All
NBT00,delivery,Jun,Weekday,7,0.000579,USCA-SDXX-NB00-0000,Jun Weekday HS7,All
NBT00,delivery,Jun,Weekday,8,0.0004,USCA-SDXX-NB00-0000,Jun Weekday HS8,All
NBT00,delivery,Jun,Weekday,9,0.000333,USCA-SDXX-NB00-0000,Jun Weekday HS9,All
NBT00,delivery,Jun,Weekday,10,0.000313,USCA-SDXX-NB00-0000,Jun Weekday HS10,All
NBT00,delivery,Jun,Weekday,11,0.000269,USCA-SDXX-NB00-0000,Jun Weekday HS11,All
NBT00,delivery,Jun,Weekday,12,0.000265,USCA-SDXX-NB00-0000,Jun Weekday HS12,All
NBT00,delivery,Jun,Weekday,13,0.000274,USCA-SDXX-NB00-0000,Jun Weekday HS13,All
NBT00,delivery,Jun,Weekday,14,0.000315,USCA-SDXX-NB00-0000,Jun Weekday HS14,All
NBT00,delivery,Jun,Weekday,15,0.000262,USCA-SDXX-NB00-0000,Jun Weekday HS15,All
NBT00,delivery,Jun,Weekday,16,0.000294,USCA-SDXX-NB00-0000,Jun Weekday HS16,All
NBT00,delivery,Jun,Weekday,17,0.000984,USCA-SDXX-NB00-0000,Jun Weekday HS17,All
NBT00,delivery,Jun,Weekday,18,0.00147,USCA-SDXX-NB00-0000,Jun Weekday HS18,All
NBT00,delivery,Jun,Weekday,19,0.002323,USCA-SDXX-NB00-0000,Jun Weekday HS19,All
NBT00,delivery,Jun,Weekday,20,0.001542,USCA-SDXX-NB00-0000,Jun Weekday HS20,All
NBT00,delivery,Jun,Weekday,21,0.000896,USCA-SDXX-NB00-0000,Jun Weekday HS21,All
NBT00,delivery,Jun,Weekday,22,0.001213,USCA-SDXX-NB00-0000,Jun Weekday HS22,All
NBT00,delivery,Jun,Weekday,23,0.000798,USCA-SDXX-NB00-0000,Jun Weekday HS23,All
NBT00,delivery,Jun,Weekend,0,0.000685,USCA-SDXX-NB00-0000,Jun Weekend HS0,All
NBT00,delivery,Jun,Weekend,1,0.000664,USCA-SDXX-NB00-0000,Jun Weekend HS1,All
NBT00,delivery,Jun,Weekend,2,0.000664,USCA-SDXX-NB00-0000,Jun Weekend HS2,All
NBT00,delivery,Jun,Weekend,3,0.000668,USCA-SDXX-NB00-0000,Jun Weekend HS3,All
NBT00,delivery,Jun,Weekend,4,0.000641,USCA-SDXX-NB00-0000,Jun Weekend HS4,All
NBT00,delivery,Jun,Weekend,5,0.000718,USCA-SDXX-NB00-0000,Jun Weekend HS5,All
NBT00,delivery,Jun,Weekend,6,0.000663,USCA-SDXX-NB00-0000,Jun Weekend HS6,All
NBT00,delivery,Jun,Weekend,7,0.000546,USCA-SDXX-NB00-0000,Jun Weekend HS7,All
NBT00,delivery,Jun,Weekend,8,0.000165,USCA-SDXX-NB00-0000,Jun Weekend HS8,All
NBT00,delivery,Jun,Weekend,9,0.000118,USCA-SDXX-NB00-0000,Jun Weekend HS9,All
NBT00,delivery,Jun,Weekend,10,0.000161,USCA-SDXX-NB00-0000,Jun Weekend HS10,All
NBT00,delivery,Jun,Weekend,11,0.0001,USCA-SDXX-NB00-0000,Jun Weekend HS11,All
NBT00,delivery,Jun,Weekend,12,0.000111,USCA-SDXX-NB00-0000,Jun Weekend HS12,All
NBT00,delivery,Jun,Weekend,13,6.4e-05,USCA-SDXX-NB00-0000,Jun Weekend HS13,All
NBT00,delivery,Jun,Weekend,14,8.2e-05,USCA-SDXX-NB00-0000,Jun Weekend HS14,All
NBT00,delivery,Jun,Weekend,15,8.4e-05,USCA-SDXX-NB00-0000,Jun Weekend HS15,All
NBT00,delivery,Jun,Weekend,16,9.1e-05,USCA-SDXX-NB00-0000,Jun Weekend HS16,All
NBT00,delivery,Jun,Weekend,17,0.000196,USCA-SDXX-NB00-0000,Jun Weekend HS17,All
NBT00,delivery,Jun,Weekend,18,0.000674,USCA-SDXX-NB00-0000,Jun Weekend HS18,All
NBT00,delivery,Jun,Weekend,19,0.000902,USCA-SDXX-NB00-0000,Jun Weekend HS19,All
NBT00,delivery,Jun,Weekend,20,0.00078,USCA-SDXX-NB00-0000,Jun Weekend HS20,All
NBT00,delivery,Jun,Weekend,21,0.000739,USCA-SDXX-NB00-0000,Jun Weekend HS21,All
NBT00,delivery,Jun,Weekend,22,0.000733,USCA-SDXX-NB00-0000,Jun Weekend HS22,All
NBT00,delivery,Jun,Weekend,23,0.000694,USCA-SDXX-NB00-0000,Jun Weekend HS23,All
NBT00,delivery,Jul,Weekday,0,0.001408,USCA-SDXX-NB00-0000,Jul Weekday HS0,All
NBT00,delivery,Jul,Weekday,1,0.001519,USCA-SDXX-NB00-0000,Jul Weekday HS1,All
NBT00,delivery,Jul,Weekday,2,0.001362,USCA-SDXX-NB00-0000,Jul Weekday HS2,All
NBT00,delivery,Jul,Weekday,3,0.001128,USCA-SDXX-NB00-0000,Jul Weekday HS3,All
NBT00,delivery,Jul,Weekday,4,0.000649,USCA-SDXX-NB00-0000,Jul Weekday HS4,All
NBT00,delivery,Jul,Weekday,5,0.000648,USCA-SDXX-NB00-0000,Jul Weekday HS5,All
NBT00,delivery,Jul,Weekday,6,0.000678,USCA-SDXX-NB00-0000,Jul Weekday HS6,All
NBT00,delivery,Jul,Weekday,7,0.000645,USCA-SDXX-NB00-0000,Jul Weekday HS7,All
NBT00,delivery,Jul,Weekday,8,0.000613,USCA-SDXX-NB00-0000,Jul Weekday HS8,All
NBT00,delivery,Jul,Weekday,9,0.000663,USCA-SDXX-NB00-0000,Jul Weekday HS9,All
NBT00,delivery,Jul,Weekday,10,0.000673,USCA-SDXX-NB00-0000,Jul Weekday HS10,All
NBT00,delivery,Jul,Weekday,11,0.000536,USCA-SDXX-NB00-0000,Jul Weekday HS11,All
NBT00,delivery,Jul,Weekday,12,0.000495,USCA-SDXX-NB00-0000,Jul Weekday HS12,All
NBT00,delivery,Jul,Weekday,13,0.000455,USCA-SDXX-NB00-0000,Jul Weekday HS13,All
NBT00,delivery,Jul,Weekday,14,0.000453,USCA-SDXX-NB00-0000,Jul Weekday HS14,All
NBT00,delivery,Jul,Weekday,15,0.000475,USCA-SDXX-NB00-0000,Jul Weekday HS15,All
NBT00,delivery,Jul,Weekday,16,0.106076,USCA-SDXX-NB00-0000,Jul Weekday HS16,All
NBT00,delivery,Jul,Weekday,17,0.218578,USCA-SDXX-NB00-0000,Jul Weekday HS17,All
NBT00,delivery,Jul,Weekday,18,0.228001,USCA-SDXX-NB00-0000,Jul Weekday HS18,All
NBT00,delivery,Jul,Weekday,19,0.227326,USCA-SDXX-NB00-0000,Jul Weekday HS19,All
NBT00,delivery,Jul,Weekday,20,0.114117,USCA-SDXX-NB00-0000,Jul Weekday HS20,All
NBT00,delivery,Jul,Weekday,21,0.00324,USCA-SDXX-NB00-0000,Jul Weekday HS21,All
NBT00,delivery,Jul,Weekday,22,0.00253,USCA-SDXX-NB00-0000,Jul Weekday HS22,All
NBT00,delivery,Jul,Weekday,23,0.002101,USCA-SDXX-NB00-0000,Jul Weekday HS23,All
NBT00,delivery,Jul,Weekend,0,0.002006,USCA-SDXX-NB00-0000,Jul Weekend HS0,All
NBT00,delivery,Jul,Weekend,1,0.001184,USCA-SDXX-NB00-0000,Jul Weekend HS1,All
NBT00,delivery,Jul,Weekend,2,0.001149,USCA-SDXX-NB00-0000,Jul Weekend HS2,All
NBT00,delivery,Jul,Weekend,3,0.000903,USCA-SDXX-NB00-0000,Jul Weekend HS3,All
NBT00,delivery,Jul,Weekend,4,0.000644,USCA-SDXX-NB00-0000,Jul Weekend HS4,All
NBT00,delivery,Jul,Weekend,5,0.000651,USCA-SDXX-NB00-0000,Jul Weekend HS5,All
NBT00,delivery,Jul,Weekend,6,0.000616,USCA-SDXX-NB00-0000,Jul Weekend HS6,All
NBT00,delivery,Jul,Weekend,7,0.000588,USCA-SDXX-NB00-0000,Jul Weekend HS7,All
NBT00,delivery,Jul,Weekend,8,0.00023,USCA-SDXX-NB00-0000,Jul Weekend HS8,All
NBT00,delivery,Jul,Weekend,9,0.000227,USCA-SDXX-NB00-0000,Jul Weekend HS9,All
NBT00,delivery,Jul,Weekend,10,0.000247,USCA-SDXX-NB00-0000,Jul Weekend HS10,All
NBT00,delivery,Jul,Weekend,11,0.000206,USCA-SDXX-NB00-0000,Jul Weekend HS11,All
NBT00,delivery,Jul,Weekend,12,0.000229,USCA-SDXX-NB00-0000,Jul Weekend HS12,All
NBT00,delivery,Jul,Weekend,13,0.000242,USCA-SDXX-NB00-0000,Jul Weekend HS13,All
NBT00,delivery,Jul,Weekend,14,0.000187,USCA-SDXX-NB00-0000,Jul Weekend HS14,All
NBT00,delivery,Jul,Weekend,15,0.000223,USCA-SDXX-NB00-0000,Jul Weekend HS15,All
NBT00,delivery,Jul,Weekend,16,0.000224,USCA-SDXX-NB00-0000,Jul Weekend HS16,All
NBT00,delivery,Jul,Weekend,17,0.000654,USCA-SDXX-NB00-0000,Jul Weekend HS17,All
NBT00,delivery,Jul,Weekend,18,0.004694,USCA-SDXX-NB00-0000,Jul Weekend HS18,All
NBT00,delivery,Jul,Weekend,19,0.007031,USCA-SDXX-NB00-0000,Jul Weekend HS19,All
NBT00,delivery,Jul,Weekend,20,0.005751,USCA-SDXX-NB00-0000,Jul Weekend HS20,All
NBT00,delivery,Jul,Weekend,21,0.003066,USCA-SDXX-NB00-0000,Jul Weekend HS21,All
NBT00,delivery,Jul,Weekend,22,0.002172,USCA-SDXX-NB00-0000,Jul Weekend HS22,All
NBT00,delivery,Jul,Weekend,23,0.001781,USCA-SDXX-NB00-0000,Jul Weekend HS23,All
NBT00,delivery,Aug,Weekday,0,0.001585,USCA-SDXX-NB00-0000,Aug Weekday HS0,All
NBT00,delivery,Aug,Weekday,1,0.001171,USCA-SDXX-NB00-0000,Aug Weekday HS1,All
NBT00,delivery,Aug,Weekday,2,0.001034,USCA-SDXX-NB00-0000,Aug Weekday HS2,All
NBT00,delivery,Aug,Weekday,3,0.00079,USCA-SDXX-NB00-0000,Aug Weekday HS3,All
NBT00,delivery,Aug,Weekday,4,0.000786,USCA-SDXX-NB00-0000,Aug Weekday HS4,All
NBT00,delivery,Aug,Weekday,5,0.00079,USCA-SDXX-NB00-0000,Aug Weekday HS5,All
NBT00,delivery,Aug,Weekday,6,0.00075,USCA-SDXX-NB00-0000,Aug Weekday HS6,All
NBT00,delivery,Aug,Weekday,7,0.00067,USCA-SDXX-NB00-0000,Aug Weekday HS7,All
NBT00,delivery,Aug,Weekday,8,0.000606,USCA-SDXX-NB00-0000,Aug Weekday HS8,All
NBT00,delivery,Aug,Weekday,9,0.000595,USCA-SDXX-NB00-0000,Aug Weekday HS9,All
NBT00,delivery,Aug,Weekday,10,0.000592,USCA-SDXX-NB00-0000,Aug Weekday HS10,All
NBT00,delivery,Aug,Weekday,11,0.000587,USCA-SDXX-NB00-0000,Aug Weekday HS11,All
NBT00,delivery,Aug,Weekday,12,0.000586,USCA-SDXX-NB00-0000,Aug Weekday HS12,All
NBT00,delivery,Aug,Weekday,13,0.000584,USCA-SDXX-NB00-0000,Aug Weekday HS13,All
NBT00,delivery,Aug,Weekday,14,0.000587,USCA-SDXX-NB00-0000,Aug Weekday HS14,All
NBT00,delivery,Aug,Weekday,15,0.000608,USCA-SDXX-NB00-0000,Aug Weekday HS15,All
NBT00,delivery,Aug,Weekday,16,0.000786,USCA-SDXX-NB00-0000,Aug Weekday HS16,All
NBT00,delivery,Aug,Weekday,17,0.097765,USCA-SDXX-NB00-0000,Aug Weekday HS17,All
NBT00,delivery,Aug,Weekday,18,0.205757,USCA-SDXX-NB00-0000,Aug Weekday HS18,All
NBT00,delivery,Aug,Weekday,19,0.016682,USCA-SDXX-NB00-0000,Aug Weekday HS19,All
NBT00,delivery,Aug,Weekday,20,0.010681,USCA-SDXX-NB00-0000,Aug Weekday HS20,All
NBT00,delivery,Aug,Weekday,21,0.004701,USCA-SDXX-NB00-0000,Aug Weekday HS21,All
NBT00,delivery,Aug,Weekday,22,0.002743,USCA-SDXX-NB00-0000,Aug Weekday HS22,All
NBT00,delivery,Aug,Weekday,23,0.002191,USCA-SDXX-NB00-0000,Aug Weekday HS23,All
NBT00,delivery,Aug,Weekend,0,0.001732,USCA-SDXX-NB00-0000,Aug Weekend HS0,All
NBT00,delivery,Aug,Weekend,1,0.001425,USCA-SDXX-NB00-0000,Aug Weekend HS1,All
NBT00,delivery,Aug,Weekend,2,0.001139,USCA-SDXX-NB00-0000,Aug Weekend HS2,All
NBT00,delivery,Aug,Weekend,3,0.001063,USCA-SDXX-NB00-0000,Aug Weekend HS3,All
NBT00,delivery,Aug,Weekend,4,0.000741,USCA-SDXX-NB00-0000,Aug Weekend HS4,All
NBT00,delivery,Aug,Weekend,5,0.000741,USCA-SDXX-NB00-0000,Aug Weekend HS5,All
NBT00,delivery,Aug,Weekend,6,0.000678,USCA-SDXX-NB00-0000,Aug Weekend HS6,All
NBT00,delivery,Aug,Weekend,7,0.000577,USCA-SDXX-NB00-0000,Aug Weekend HS7,All
NBT00,delivery,Aug,Weekend,8,0.000404,USCA-SDXX-NB00-0000,Aug Weekend HS8,All
NBT00,delivery,Aug,Weekend,9,0.000369,USCA-SDXX-NB00-0000,Aug Weekend HS9,All
NBT00,delivery,Aug,Weekend,10,0.000365,USCA-SDXX-NB00-0000,Aug Weekend HS10,All
NBT00,delivery,Aug,Weekend,11,0.000366,USCA-SDXX-NB00-0000,Aug Weekend HS11,All
NBT00,delivery,Aug,Weekend,12,0.000334,USCA-SDXX-NB00-0000,Aug Weekend HS12,All
NBT00,delivery,Aug,Weekend,13,0.000331,USCA-SDXX-NB00-0000,Aug Weekend HS13,All
NBT00,delivery,Aug,Weekend,14,0.000641,USCA-SDXX-NB00-0000,Aug Weekend HS14,All
NBT00,delivery,Aug,Weekend,15,0.000387,USCA-SDXX-NB00-0000,Aug Weekend HS15,All
NBT00,delivery,Aug,Weekend,16,0.000438,USCA-SDXX-NB00-0000,Aug Weekend HS16,All
NBT00,delivery,Aug,Weekend,17,0.000627,USCA-SDXX-NB00-0000,Aug Weekend HS17,All
NBT00,delivery,Aug,Weekend,18,0.000991,USCA-SDXX-NB00-0000,Aug Weekend HS18,All
NBT00,delivery,Aug,Weekend,19,0.004957,USCA-SDXX-NB00-0000,Aug Weekend HS19,All
NBT00,delivery,Aug,Weekend,20,0.00376,USCA-SDXX-NB00-0000,Aug Weekend HS20,All
NBT00,delivery,Aug,Weekend,21,0.002177,USCA-SDXX-NB00-0000,Aug Weekend HS21,All
NBT00,delivery,Aug,Weekend,22,0.002876,USCA-SDXX-NB00-0000,Aug Weekend HS22,All
NBT00,delivery,Aug,Weekend,23,0.002132,USCA-SDXX-NB00-0000,Aug Weekend HS23,All
NBT00,delivery,Sep,Weekday,0,0.000862,USCA-SDXX-NB00-0000,Sep Weekday HS0,All
NBT00,delivery,Sep,Weekday,1,0.000842,USCA-SDXX-NB00-0000,Sep Weekday HS1,All
NBT00,delivery,Sep,Weekday,2,0.000827,USCA-SDXX-NB00-0000,Sep Weekday HS2,All
NBT00,delivery,Sep,Weekday,3,0.000792,USCA-SDXX-NB00-0000,Sep Weekday HS3,All
NBT00,delivery,Sep,Weekday,4,0.00078,USCA-SDXX-NB00-0000,Sep Weekday HS4,All
NBT00,delivery,Sep,Weekday,5,0.000808,USCA-SDXX-NB00-0000,Sep Weekday HS5,All
NBT00,delivery,Sep,Weekday,6,0.000783,USCA-SDXX-NB00-0000,Sep Weekday HS6,All
NBT00,delivery,Sep,Weekday,7,0.000655,USCA-SDXX-NB00-0000,Sep Weekday HS7,All
NBT00,delivery,Sep,Weekday,8,0.000585,USCA-SDXX-NB00-0000,Sep Weekday HS8,All
NBT00,delivery,Sep,Weekday,9,0.000546,USCA-SDXX-NB00-0000,Sep Weekday HS9,All
NBT00,delivery,Sep,Weekday,10,0.000527,USCA-SDXX-NB00-0000,Sep Weekday HS10,All
NBT00,delivery,Sep,Weekday,11,0.000524,USCA-SDXX-NB00-0000,Sep Weekday HS11,All
NBT00,delivery,Sep,Weekday,12,0.000523,USCA-SDXX-NB00-0000,Sep Weekday HS12,All
NBT00,delivery,Sep,Weekday,13,0.002023,USCA-SDXX-NB00-0000,Sep Weekday HS13,All
NBT00,delivery,Sep,Weekday,14,0.001999,USCA-SDXX-NB00-0000,Sep Weekday HS14,All
NBT00,delivery,Sep,Weekday,15,0.000493,USCA-SDXX-NB00-0000,Sep Weekday HS15,All
NBT00,delivery,Sep,Weekday,16,0.000575,USCA-SDXX-NB00-0000,Sep Weekday HS16,All
NBT00,delivery,Sep,Weekday,17,0.000788,USCA-SDXX-NB00-0000,Sep Weekday HS17,All
NBT00,delivery,Sep,Weekday,18,0.001126,USCA-SDXX-NB00-0000,Sep Weekday HS18,All
NBT00,delivery,Sep,Weekday,19,0.00122,USCA-SDXX-NB00-0000,Sep Weekday HS19,All
NBT00,delivery,Sep,Weekday,20,0.000938,USCA-SDXX-NB00-0000,Sep Weekday HS20,All
NBT00,delivery,Sep,Weekday,21,0.000864,USCA-SDXX-NB00-0000,Sep Weekday HS21,All
NBT00,delivery,Sep,Weekday,22,0.000987,USCA-SDXX-NB00-0000,Sep Weekday HS22,All
NBT00,delivery,Sep,Weekday,23,0.00089,USCA-SDXX-NB00-0000,Sep Weekday HS23,All
NBT00,delivery,Sep,Weekend,0,0.00099,USCA-SDXX-NB00-0000,Sep Weekend HS0,All
NBT00,delivery,Sep,Weekend,1,0.001007,USCA-SDXX-NB00-0000,Sep Weekend HS1,All
NBT00,delivery,Sep,Weekend,2,0.000987,USCA-SDXX-NB00-0000,Sep Weekend HS2,All
NBT00,delivery,Sep,Weekend,3,0.000735,USCA-SDXX-NB00-0000,Sep Weekend HS3,All
NBT00,delivery,Sep,Weekend,4,0.000726,USCA-SDXX-NB00-0000,Sep Weekend HS4,All
NBT00,delivery,Sep,Weekend,5,0.000725,USCA-SDXX-NB00-0000,Sep Weekend HS5,All
NBT00,delivery,Sep,Weekend,6,0.000705,USCA-SDXX-NB00-0000,Sep Weekend HS6,All
NBT00,delivery,Sep,Weekend,7,0.000579,USCA-SDXX-NB00-0000,Sep Weekend HS7,All
NBT00,delivery,Sep,Weekend,8,0.000341,USCA-SDXX-NB00-0000,Sep Weekend HS8,All
NBT00,delivery,Sep,Weekend,9,0.000219,USCA-SDXX-NB00-0000,Sep Weekend HS9,All
NBT00,delivery,Sep,Weekend,10,0.000189,USCA-SDXX-NB00-0000,Sep Weekend HS10,All
NBT00,delivery,Sep,Weekend,11,0.000183,USCA-SDXX-NB00-0000,Sep Weekend HS11,All
NBT00,delivery,Sep,Weekend,12,0.000156,USCA-SDXX-NB00-0000,Sep Weekend HS12,All
NBT00,delivery,Sep,Weekend,13,0.000175,USCA-SDXX-NB00-0000,Sep Weekend HS13,All
NBT00,delivery,Sep,Weekend,14,0.000215,USCA-SDXX-NB00-0000,Sep Weekend HS14,All
NBT00,delivery,Sep,Weekend,15,0.000241,USCA-SDXX-NB00-0000,Sep Weekend HS15,All
NBT00,delivery,Sep,Weekend,16,0.197694,USCA-SDXX-NB00-0000,Sep Weekend HS16,All
NBT00,delivery,Sep,Weekend,17,0.414199,USCA-SDXX-NB00-0000,Sep Weekend HS17,All
NBT00,delivery,Sep,Weekend,18,0.412148,USCA-SDXX-NB00-0000,Sep Weekend HS18,All
NBT00,delivery,Sep,Weekend,19,0.209425,USCA-SDXX-NB00-0000,Sep Weekend HS19,All
NBT00,delivery,Sep,Weekend,20,0.201186,USCA-SDXX-NB00-0000,Sep Weekend HS20,All
NBT00,delivery,Sep,Weekend,21,0.001515,USCA-SDXX-NB00-0000,Sep Weekend HS21,All
NBT00,delivery,Sep,Weekend,22,0.001575,USCA-SDXX-NB00-0000,Sep Weekend HS22,All
NBT00,delivery,Sep,Weekend,23,0.001313,USCA-SDXX-NB00-0000,Sep Weekend HS23,All
NBT00,delivery,Oct,Weekday,0,0.000834,USCA-SDXX-NB00-0000,Oct Weekday HS0,All
NBT00,delivery,Oct,Weekday,1,0.00084,USCA-SDXX-NB00-0000,Oct Weekday HS1,All
NBT00,delivery,Oct,Weekday,2,0.000807,USCA-SDXX-NB00-0000,Oct Weekday HS2,All
NBT00,delivery,Oct,Weekday,3,0.000767,USCA-SDXX-NB00-0000,Oct Weekday HS3,All
NBT00,delivery,Oct,Weekday,4,0.000767,USCA-SDXX-NB00-0000,Oct Weekday HS4,All
NBT00,delivery,Oct,Weekday,5,0.000767,USCA-SDXX-NB00-0000,Oct Weekday HS5,All
NBT00,delivery,Oct,Weekday,6,0.000809,USCA-SDXX-NB00-0000,Oct Weekday HS6,All
NBT00,delivery,Oct,Weekday,7,0.000711,USCA-SDXX-NB00-0000,Oct Weekday HS7,All
NBT00,delivery,Oct,Weekday,8,0.000613,USCA-SDXX-NB00-0000,Oct Weekday HS8,All
NBT00,delivery,Oct,Weekday,9,0.000557,USCA-SDXX-NB00-0000,Oct Weekday HS9,All
NBT00,delivery,Oct,Weekday,10,0.000546,USCA-SDXX-NB00-0000,Oct Weekday HS10,All
NBT00,delivery,Oct,Weekday,11,0.000529,USCA-SDXX-NB00-0000,Oct Weekday HS11,All
NBT00,delivery,Oct,Weekday,12,0.000522,USCA-SDXX-NB00-0000,Oct Weekday HS12,All
NBT00,delivery,Oct,Weekday,13,0.000516,USCA-SDXX-NB00-0000,Oct Weekday HS13,All
NBT00,delivery,Oct,Weekday,14,0.000512,USCA-SDXX-NB00-0000,Oct Weekday HS14,All
NBT00,delivery,Oct,Weekday,15,0.00051,USCA-SDXX-NB00-0000,Oct Weekday HS15,All
NBT00,delivery,Oct,Weekday,16,0.000566,USCA-SDXX-NB00-0000,Oct Weekday HS16,All
NBT00,delivery,Oct,Weekday,17,0.098596,USCA-SDXX-NB00-0000,Oct Weekday HS17,All
NBT00,delivery,Oct,Weekday,18,0.101085,USCA-SDXX-NB00-0000,Oct Weekday HS18,All
NBT00,delivery,Oct,Weekday,19,0.002131,USCA-SDXX-NB00-0000,Oct Weekday HS19,All
NBT00,delivery,Oct,Weekday,20,0.002088,USCA-SDXX-NB00-0000,Oct Weekday HS20,All
NBT00,delivery,Oct,Weekday,21,0.000787,USCA-SDXX-NB00-0000,Oct Weekday HS21,All
NBT00,delivery,Oct,Weekday,22,0.000851,USCA-SDXX-NB00-0000,Oct Weekday HS22,All
NBT00,delivery,Oct,Weekday,23,0.000859,USCA-SDXX-NB00-0000,Oct Weekday HS23,All
NBT00,delivery,Oct,Weekend,0,0.000761,USCA-SDXX-NB00-0000,Oct Weekend HS0,All
NBT00,delivery,Oct,Weekend,1,0.00077,USCA-SDXX-NB00-0000,Oct Weekend HS1,All
NBT00,delivery,Oct,Weekend,2,0.000736,USCA-SDXX-NB00-0000,Oct Weekend HS2,All
NBT00,delivery,Oct,Weekend,3,0.000743,USCA-SDXX-NB00-0000,Oct Weekend HS3,All
NBT00,delivery,Oct,Weekend,4,0.000727,USCA-SDXX-NB00-0000,Oct Weekend HS4,All
NBT00,delivery,Oct,Weekend,5,0.000719,USCA-SDXX-NB00-0000,Oct Weekend HS5,All
NBT00,delivery,Oct,Weekend,6,0.000696,USCA-SDXX-NB00-0000,Oct Weekend HS6,All
NBT00,delivery,Oct,Weekend,7,0.000626,USCA-SDXX-NB00-0000,Oct Weekend HS7,All
NBT00,delivery,Oct,Weekend,8,0.000413,USCA-SDXX-NB00-0000,Oct Weekend HS8,All
NBT00,delivery,Oct,Weekend,9,0.000199,USCA-SDXX-NB00-0000,Oct Weekend HS9,All
NBT00,delivery,Oct,Weekend,10,0.000196,USCA-SDXX-NB00-0000,Oct Weekend HS10,All
NBT00,delivery,Oct,Weekend,11,0.00019,USCA-SDXX-NB00-0000,Oct Weekend HS11,All
NBT00,delivery,Oct,Weekend,12,0.000188,USCA-SDXX-NB00-0000,Oct Weekend HS12,All
NBT00,delivery,Oct,Weekend,13,0.000179,USCA-SDXX-NB00-0000,Oct Weekend HS13,All
NBT00,delivery,Oct,Weekend,14,0.000194,USCA-SDXX-NB00-0000,Oct Weekend HS14,All
NBT00,delivery,Oct,Weekend,15,0.000206,USCA-SDXX-NB00-0000,Oct Weekend HS15,All
NBT00,delivery,Oct,Weekend,16,0.00036,USCA-SDXX-NB00-0000,Oct Weekend HS16,All
NBT00,delivery,Oct,Weekend,17,0.000766,USCA-SDXX-NB00-0000,Oct Weekend HS17,All
NBT00,delivery,Oct,Weekend,18,0.002634,USCA-SDXX-NB00-0000,Oct Weekend HS18,All
NBT00,delivery,Oct,Weekend,19,0.002311,USCA-SDXX-NB00-0000,Oct Weekend HS19,All
NBT00,delivery,Oct,Weekend,20,0.000765,USCA-SDXX-NB00-0000,Oct Weekend HS20,All
NBT00,delivery,Oct,Weekend,21,0.000742,USCA-SDXX-NB00-0000,Oct Weekend HS21,All
NBT00,delivery,Oct,Weekend,22,0.000859,USCA-SDXX-NB00-0000,Oct Weekend HS22,All
NBT00,delivery,Oct,Weekend,23,0.000803,USCA-SDXX-NB00-0000,Oct Weekend HS23,All
NBT00,delivery,Nov,Weekday,0,0.000785,USCA-SDXX-NB00-0000,Nov Weekday HS0,All
NBT00,delivery,Nov,Weekday,1,0.000772,USCA-SDXX-NB00-0000,Nov Weekday HS1,All
NBT00,delivery,Nov,Weekday,2,0.000756,USCA-SDXX-NB00-0000,Nov Weekday HS2,All
NBT00,delivery,Nov,Weekday,3,0.000746,USCA-SDXX-NB00-0000,Nov Weekday HS3,All
NBT00,delivery,Nov,Weekday,4,0.000785,USCA-SDXX-NB00-0000,Nov Weekday HS4,All
NBT00,delivery,Nov,Weekday,5,0.000801,USCA-SDXX-NB00-0000,Nov Weekday HS5,All
NBT00,delivery,Nov,Weekday,6,0.000768,USCA-SDXX-NB00-0000,Nov Weekday HS6,All
NBT00,delivery,Nov,Weekday,7,0.000675,USCA-SDXX-NB00-0000,Nov Weekday HS7,All
NBT00,delivery,Nov,Weekday,8,0.000581,USCA-SDXX-NB00-0000,Nov Weekday HS8,All
NBT00,delivery,Nov,Weekday,9,0.000556,USCA-SDXX-NB00-0000,Nov Weekday HS9,All
NBT00,delivery,Nov,Weekday,10,0.000535,USCA-SDXX-NB00-0000,Nov Weekday HS10,All
NBT00,delivery,Nov,Weekday,11,0.000513,USCA-SDXX-NB00-0000,Nov Weekday HS11,All
NBT00,delivery,Nov,Weekday,12,0.0005,USCA-SDXX-NB00-0000,Nov Weekday HS12,All
NBT00,delivery,Nov,Weekday,13,0.000442,USCA-SDXX-NB00-0000,Nov Weekday HS13,All
NBT00,delivery,Nov,Weekday,14,0.000455,USCA-SDXX-NB00-0000,Nov Weekday HS14,All
NBT00,delivery,Nov,Weekday,15,0.000592,USCA-SDXX-NB00-0000,Nov Weekday HS15,All
NBT00,delivery,Nov,Weekday,16,0.000846,USCA-SDXX-NB00-0000,Nov Weekday HS16,All
NBT00,delivery,Nov,Weekday,17,0.000868,USCA-SDXX-NB00-0000,Nov Weekday HS17,All
NBT00,delivery,Nov,Weekday,18,0.000814,USCA-SDXX-NB00-0000,Nov Weekday HS18,All
NBT00,delivery,Nov,Weekday,19,0.000795,USCA-SDXX-NB00-0000,Nov Weekday HS19,All
NBT00,delivery,Nov,Weekday,20,0.000785,USCA-SDXX-NB00-0000,Nov Weekday HS20,All
NBT00,delivery,Nov,Weekday,21,0.000803,USCA-SDXX-NB00-0000,Nov Weekday HS21,All
NBT00,delivery,Nov,Weekday,22,0.000814,USCA-SDXX-NB00-0000,Nov Weekday HS22,All
NBT00,delivery,Nov,Weekday,23,0.000814,USCA-SDXX-NB00-0000,Nov Weekday HS23,All
NBT00,delivery,Nov,Weekend,0,0.000751,USCA-SDXX-NB00-0000,Nov Weekend HS0,All
NBT00,delivery,Nov,Weekend,1,0.000719,USCA-SDXX-NB00-0000,Nov Weekend HS1,All
NBT00,delivery,Nov,Weekend,2,0.000705,USCA-SDXX-NB00-0000,Nov Weekend HS2,All
NBT00,delivery,Nov,Weekend,3,0.000696,USCA-SDXX-NB00-0000,Nov Weekend HS3,All
NBT00,delivery,Nov,Weekend,4,0.000703,USCA-SDXX-NB00-0000,Nov Weekend HS4,All
NBT00,delivery,Nov,Weekend,5,0.000716,USCA-SDXX-NB00-0000,Nov Weekend HS5,All
NBT00,delivery,Nov,Weekend,6,0.000716,USCA-SDXX-NB00-0000,Nov Weekend HS6,All
NBT00,delivery,Nov,Weekend,7,0.000523,USCA-SDXX-NB00-0000,Nov Weekend HS7,All
NBT00,delivery,Nov,Weekend,8,0.000332,USCA-SDXX-NB00-0000,Nov Weekend HS8,All
NBT00,delivery,Nov,Weekend,9,0.000244,USCA-SDXX-NB00-0000,Nov Weekend HS9,All
NBT00,delivery,Nov,Weekend,10,0.00022,USCA-SDXX-NB00-0000,Nov Weekend HS10,All
NBT00,delivery,Nov,Weekend,11,0.000193,USCA-SDXX-NB00-0000,Nov Weekend HS11,All
NBT00,delivery,Nov,Weekend,12,0.00019,USCA-SDXX-NB00-0000,Nov Weekend HS12,All
NBT00,delivery,Nov,Weekend,13,0.000188,USCA-SDXX-NB00-0000,Nov Weekend HS13,All
NBT00,delivery,Nov,Weekend,14,0.000197,USCA-SDXX-NB00-0000,Nov Weekend HS14,All
NBT00,delivery,Nov,Weekend,15,0.00037,USCA-SDXX-NB00-0000,Nov Weekend HS15,All
NBT00,delivery,Nov,Weekend,16,0.000725,USCA-SDXX-NB00-0000,Nov Weekend HS16,All
NBT00,delivery,Nov,Weekend,17,0.000835,USCA-SDXX-NB00-0000,Nov Weekend HS17,All
NBT00,delivery,Nov,Weekend,18,0.000793,USCA-SDXX-NB00-0000,Nov Weekend HS18,All
NBT00,delivery,Nov,Weekend,19,0.00076,USCA-SDXX-NB00-0000,Nov Weekend HS19,All
NBT00,delivery,Nov,Weekend,20,0.00074,USCA-SDXX-NB00-0000,Nov Weekend HS20,All
NBT00,delivery,Nov,Weekend,21,0.000735,USCA-SDXX-NB00-0000,Nov Weekend HS21,All
NBT00,delivery,Nov,Weekend,22,0.000776,USCA-SDXX-NB00-0000,Nov Weekend HS22,All
NBT00,delivery,Nov,Weekend,23,0.000735,USCA-SDXX-NB00-0000,Nov Weekend HS23,All
NBT00,delivery,Dec,Weekday,0,0.000803,USCA-SDXX-NB00-0000,Dec Weekday HS0,All
NBT00,delivery,Dec,Weekday,1,0.000786,USCA-SDXX-NB00-0000,Dec Weekday HS1,All
NBT00,delivery,Dec,Weekday,2,0.000756,USCA-SDXX-NB00-0000,Dec Weekday HS2,All
NBT00,delivery,Dec,Weekday,3,0.000762,USCA-SDXX-NB00-0000,Dec Weekday HS3,All
NBT00,delivery,Dec,Weekday,4,0.000782,USCA-SDXX-NB00-0000,Dec Weekday HS4,All
NBT00,delivery,Dec,Weekday,5,0.000806,USCA-SDXX-NB00-0000,Dec Weekday HS5,All
NBT00,delivery,Dec,Weekday,6,0.000862,USCA-SDXX-NB00-0000,Dec Weekday HS6,All
NBT00,delivery,Dec,Weekday,7,0.00075,USCA-SDXX-NB00-0000,Dec Weekday HS7,All
NBT00,delivery,Dec,Weekday,8,0.000663,USCA-SDXX-NB00-0000,Dec Weekday HS8,All
NBT00,delivery,Dec,Weekday,9,0.000624,USCA-SDXX-NB00-0000,Dec Weekday HS9,All
NBT00,delivery,Dec,Weekday,10,0.000602,USCA-SDXX-NB00-0000,Dec Weekday HS10,All
NBT00,delivery,Dec,Weekday,11,0.000568,USCA-SDXX-NB00-0000,Dec Weekday HS11,All
NBT00,delivery,Dec,Weekday,12,0.000532,USCA-SDXX-NB00-0000,Dec Weekday HS12,All
NBT00,delivery,Dec,Weekday,13,0.000536,USCA-SDXX-NB00-0000,Dec Weekday HS13,All
NBT00,delivery,Dec,Weekday,14,0.000528,USCA-SDXX-NB00-0000,Dec Weekday HS14,All
NBT00,delivery,Dec,Weekday,15,0.000628,USCA-SDXX-NB00-0000,Dec Weekday HS15,All
NBT00,delivery,Dec,Weekday,16,0.000859,USCA-SDXX-NB00-0000,Dec Weekday HS16,All
NBT00,delivery,Dec,Weekday,17,0.000905,USCA-SDXX-NB00-0000,Dec Weekday HS17,All
NBT00,delivery,Dec,Weekday,18,0.000868,USCA-SDXX-NB00-0000,Dec Weekday HS18,All
NBT00,delivery,Dec,Weekday,19,0.000831,USCA-SDXX-NB00-0000,Dec Weekday HS19,All
NBT00,delivery,Dec,Weekday,20,0.00082,USCA-SDXX-NB00-0000,Dec Weekday HS20,All
NBT00,delivery,Dec,Weekday,21,0.000816,USCA-SDXX-NB00-0000,Dec Weekday HS21,All
NBT00,delivery,Dec,Weekday,22,0.00083,USCA-SDXX-NB00-0000,Dec Weekday HS22,All
NBT00,delivery,Dec,Weekday,23,0.000833,USCA-SDXX-NB00-0000,Dec Weekday HS23,All
NBT00,delivery,Dec,Weekend,0,0.000745,USCA-SDXX-NB00-0000,Dec Weekend HS0,All
NBT00,delivery,Dec,Weekend,1,0.00073,USCA-SDXX-NB00-0000,Dec Weekend HS1,All
NBT00,delivery,Dec,Weekend,2,0.000696,USCA-SDXX-NB00-0000,Dec Weekend HS2,All
NBT00,delivery,Dec,Weekend,3,0.000661,USCA-SDXX-NB00-0000,Dec Weekend HS3,All
NBT00,delivery,Dec,Weekend,4,0.000651,USCA-SDXX-NB00-0000,Dec Weekend HS4,All
NBT00,delivery,Dec,Weekend,5,0.00067,USCA-SDXX-NB00-0000,Dec Weekend HS5,All
NBT00,delivery,Dec,Weekend,6,0.000699,USCA-SDXX-NB00-0000,Dec Weekend HS6,All
NBT00,delivery,Dec,Weekend,7,0.000605,USCA-SDXX-NB00-0000,Dec Weekend HS7,All
NBT00,delivery,Dec,Weekend,8,0.000392,USCA-SDXX-NB00-0000,Dec Weekend HS8,All
NBT00,delivery,Dec,Weekend,9,0.000202,USCA-SDXX-NB00-0000,Dec Weekend HS9,All
NBT00,delivery,Dec,Weekend,10,0.000192,USCA-SDXX-NB00-0000,Dec Weekend HS10,All
NBT00,delivery,Dec,Weekend,11,0.000174,USCA-SDXX-NB00-0000,Dec Weekend HS11,All
NBT00,delivery,Dec,Weekend,12,0.000186,USCA-SDXX-NB00-0000,Dec Weekend HS12,All
NBT00,delivery,Dec,Weekend,13,0.000133,USCA-SDXX-NB00-0000,Dec Weekend HS13,All
NBT00,delivery,Dec,Weekend,14,0.000127,USCA-SDXX-NB00-0000,Dec Weekend HS14,All
NBT00,delivery,Dec,Weekend,15,0.000375,USCA-SDXX-NB00-0000,Dec Weekend HS15,All
NBT00,delivery,Dec,Weekend,16,0.000759,USCA-SDXX-NB00-0000,Dec Weekend HS16,All
NBT00,delivery,Dec,Weekend,17,0.000808,USCA-SDXX-NB00-0000,Dec Weekend HS17,All
NBT00,delivery,Dec,Weekend,18,0.000788,USCA-SDXX-NB00-0000,Dec Weekend HS18,All
NBT00,delivery,Dec,Weekend,19,0.000749,USCA-SDXX-NB00-0000,Dec Weekend HS19,All
NBT00,delivery,Dec,Weekend,20,0.000738,USCA-SDXX-NB00-0000,Dec Weekend HS20,All
NBT00,delivery,Dec,Weekend,21,0.000694,USCA-SDXX-NB00-0000,Dec Weekend HS21,All
NBT00,delivery,Dec,Weekend,22,0.000706,USCA-SDXX-NB00-0000,Dec Weekend HS22,All
NBT00,delivery,Dec,Weekend,23,0.000696,USCA-SDXX-NB00-0000,Dec Weekend HS23,All
NBT00,generation,Jan,Weekday,0,0.088018,USCA-XXSD-NB00-0000,Jan Weekday HS0,All
NBT00,generation,Jan,Weekday,1,0.085915,USCA-XXSD-NB00-0000,Jan Weekday HS1,All
NBT00,generation,Jan,Weekday,2,0.08369,USCA-XXSD-NB00-0000,Jan Weekday HS2,All
NBT00,generation,Jan,Weekday,3,0.083209,USCA-XXSD-NB00-0000,Jan Weekday HS3,All
NBT00,generation,Jan,Weekday,4,0.085251,USCA-XXSD-NB00-0000,Jan Weekday HS4,All
NBT00,generation,Jan,Weekday,5,0.088858,USCA-XXSD-NB00-0000,Jan Weekday HS5,All
NBT00,generation,Jan,Weekday,6,0.08911,USCA-XXSD-NB00-0000,Jan Weekday HS6,All
NBT00,generation,Jan,Weekday,7,0.084378,USCA-XXSD-NB00-0000,Jan Weekday HS7,All
NBT00,generation,Jan,Weekday,8,0.072582,USCA-XXSD-NB00-0000,Jan Weekday HS8,All
NBT00,generation,Jan,Weekday,9,0.064781,USCA-XXSD-NB00-0000,Jan Weekday HS9,All
NBT00,generation,Jan,Weekday,10,0.063119,USCA-XXSD-NB00-0000,Jan Weekday HS10,All
NBT00,generation,Jan,Weekday,11,0.062418,USCA-XXSD-NB00-0000,Jan Weekday HS11,All
NBT00,generation,Jan,Weekday,12,0.062357,USCA-XXSD-NB00-0000,Jan Weekday HS12,All
NBT00,generation,Jan,Weekday,13,0.059677,USCA-XXSD-NB00-0000,Jan Weekday HS13,All
NBT00,generation,Jan,Weekday,14,0.058795,USCA-XXSD-NB00-0000,Jan Weekday HS14,All
NBT00,generation,Jan,Weekday,15,0.060686,USCA-XXSD-NB00-0000,Jan Weekday HS15,All
NBT00,generation,Jan,Weekday,16,0.077365,USCA-XXSD-NB00-0000,Jan Weekday HS16,All
NBT00,generation,Jan,Weekday,17,0.107372,USCA-XXSD-NB00-0000,Jan Weekday HS17,All
NBT00,generation,Jan,Weekday,18,0.098065,USCA-XXSD-NB00-0000,Jan Weekday HS18,All
NBT00,generation,Jan,Weekday,19,0.088746,USCA-XXSD-NB00-0000,Jan Weekday HS19,All
NBT00,generation,Jan,Weekday,20,0.087669,USCA-XXSD-NB00-0000,Jan Weekday HS20,All
NBT00,generation,Jan,Weekday,21,0.088297,USCA-XXSD-NB00-0000,Jan Weekday HS21,All
NBT00,generation,Jan,Weekday,22,0.091993,USCA-XXSD-NB00-0000,Jan Weekday HS22,All
NBT00,generation,Jan,Weekday,23,0.089653,USCA-XXSD-NB00-0000,Jan Weekday HS23,All
NBT00,generation,Jan,Weekend,0,0.087115,USCA-XXSD-NB00-0000,Jan Weekend HS0,All
NBT00,generation,Jan,Weekend,1,0.087709,USCA-XXSD-NB00-0000,Jan Weekend HS1,All
NBT00,generation,Jan,Weekend,2,0.08582,USCA-XXSD-NB00-0000,Jan Weekend HS2,All
NBT00,generation,Jan,Weekend,3,0.084591,USCA-XXSD-NB00-0000,Jan Weekend HS3,All
NBT00,generation,Jan,Weekend,4,0.08349,USCA-XXSD-NB00-0000,Jan Weekend HS4,All
NBT00,generation,Jan,Weekend,5,0.084578,USCA-XXSD-NB00-0000,Jan Weekend HS5,All
NBT00,generation,Jan,Weekend,6,0.087148,USCA-XXSD-NB00-0000,Jan Weekend HS6,All
NBT00,generation,Jan,Weekend,7,0.07884,USCA-XXSD-NB00-0000,Jan Weekend HS7,All
NBT00,generation,Jan,Weekend,8,0.065039,USCA-XXSD-NB00-0000,Jan Weekend HS8,All
NBT00,generation,Jan,Weekend,9,0.055379,USCA-XXSD-NB00-0000,Jan Weekend HS9,All
NBT00,generation,Jan,Weekend,10,0.053811,USCA-XXSD-NB00-0000,Jan Weekend HS10,All
NBT00,generation,Jan,Weekend,11,0.052555,USCA-XXSD-NB00-0000,Jan Weekend HS11,All
NBT00,generation,Jan,Weekend,12,0.052897,USCA-XXSD-NB00-0000,Jan Weekend HS12,All
NBT00,generation,Jan,Weekend,13,0.047929,USCA-XXSD-NB00-0000,Jan Weekend HS13,All
NBT00,generation,Jan,Weekend,14,0.051885,USCA-XXSD-NB00-0000,Jan Weekend HS14,All
NBT00,generation,Jan,Weekend,15,0.053747,USCA-XXSD-NB00-0000,Jan Weekend HS15,All
NBT00,generation,Jan,Weekend,16,0.078291,USCA-XXSD-NB00-0000,Jan Weekend HS16,All
NBT00,generation,Jan,Weekend,17,0.103274,USCA-XXSD-NB00-0000,Jan Weekend HS17,All
NBT00,generation,Jan,Weekend,18,0.092955,USCA-XXSD-NB00-0000,Jan Weekend HS18,All
NBT00,generation,Jan,Weekend,19,0.085931,USCA-XXSD-NB00-0000,Jan Weekend HS19,All
NBT00,generation,Jan,Weekend,20,0.084845,USCA-XXSD-NB00-0000,Jan Weekend HS20,All
NBT00,generation,Jan,Weekend,21,0.084078,USCA-XXSD-NB00-0000,Jan Weekend HS21,All
NBT00,generation,Jan,Weekend,22,0.087486,USCA-XXSD-NB00-0000,Jan Weekend HS22,All
NBT00,generation,Jan,Weekend,23,0.084263,USCA-XXSD-NB00-0000,Jan Weekend HS23,All
NBT00,generation,Feb,Weekday,0,0.087211,USCA-XXSD-NB00-0000,Feb Weekday HS0,All
NBT00,generation,Feb,Weekday,1,0.084694,USCA-XXSD-NB00-0000,Feb Weekday HS1,All
NBT00,generation,Feb,Weekday,2,0.08651,USCA-XXSD-NB00-0000,Feb Weekday HS2,All
NBT00,generation,Feb,Weekday,3,0.086651,USCA-XXSD-NB00-0000,Feb Weekday HS3,All
NBT00,generation,Feb,Weekday,4,0.088635,USCA-XXSD-NB00-0000,Feb Weekday HS4,All
NBT00,generation,Feb,Weekday,5,0.087078,USCA-XXSD-NB00-0000,Feb Weekday HS5,All
NBT00,generation,Feb,Weekday,6,0.083555,USCA-XXSD-NB00-0000,Feb Weekday HS6,All
NBT00,generation,Feb,Weekday,7,0.080407,USCA-XXSD-NB00-0000,Feb Weekday HS7,All
NBT00,generation,Feb,Weekday,8,0.061726,USCA-XXSD-NB00-0000,Feb Weekday HS8,All
NBT00,generation,Feb,Weekday,9,0.051618,USCA-XXSD-NB00-0000,Feb Weekday HS9,All
NBT00,generation,Feb,Weekday,10,0.048867,USCA-XXSD-NB00-0000,Feb Weekday HS10,All
NBT00,generation,Feb,Weekday,11,0.046968,USCA-XXSD-NB00-0000,Feb Weekday HS11,All
NBT00,generation,Feb,Weekday,12,0.043637,USCA-XXSD-NB00-0000,Feb Weekday HS12,All
NBT00,generation,Feb,Weekday,13,0.038952,USCA-XXSD-NB00-0000,Feb Weekday HS13,All
NBT00,generation,Feb,Weekday,14,0.032512,USCA-XXSD-NB00-0000,Feb Weekday HS14,All
NBT00,generation,Feb,Weekday,15,0.03066,USCA-XXSD-NB00-0000,Feb Weekday HS15,All
NBT00,generation,Feb,Weekday,16,0.06408,USCA-XXSD-NB00-0000,Feb Weekday HS16,All
NBT00,generation,Feb,Weekday,17,0.106246,USCA-XXSD-NB00-0000,Feb Weekday HS17,All
NBT00,generation,Feb,Weekday,18,0.091132,USCA-XXSD-NB00-0000,Feb Weekday HS18,All
NBT00,generation,Feb,Weekday,19,0.085484,USCA-XXSD-NB00-0000,Feb Weekday HS19,All
NBT00,generation,Feb,Weekday,20,0.085911,USCA-XXSD-NB00-0000,Feb Weekday HS20,All
NBT00,generation,Feb,Weekday,21,0.083049,USCA-XXSD-NB00-0000,Feb Weekday HS21,All
NBT00,generation,Feb,Weekday,22,0.090105,USCA-XXSD-NB00-0000,Feb Weekday HS22,All
NBT00,generation,Feb,Weekday,23,0.086358,USCA-XXSD-NB00-0000,Feb Weekday HS23,All
NBT00,generation,Feb,Weekend,0,0.0837,USCA-XXSD-NB00-0000,Feb Weekend HS0,All
NBT00,generation,Feb,Weekend,1,0.084721,USCA-XXSD-NB00-0000,Feb Weekend HS1,All
NBT00,generation,Feb,Weekend,2,0.08338,USCA-XXSD-NB00-0000,Feb Weekend HS2,All
NBT00,generation,Feb,Weekend,3,0.083224,USCA-XXSD-NB00-0000,Feb Weekend HS3,All
NBT00,generation,Feb,Weekend,4,0.082277,USCA-XXSD-NB00-0000,Feb Weekend HS4,All
NBT00,generation,Feb,Weekend,5,0.082089,USCA-XXSD-NB00-0000,Feb Weekend HS5,All
NBT00,generation,Feb,Weekend,6,0.078425,USCA-XXSD-NB00-0000,Feb Weekend HS6,All
NBT00,generation,Feb,Weekend,7,0.069307,USCA-XXSD-NB00-0000,Feb Weekend HS7,All
NBT00,generation,Feb,Weekend,8,0.047325,USCA-XXSD-NB00-0000,Feb Weekend HS8,All
NBT00,generation,Feb,Weekend,9,0.026768,USCA-XXSD-NB00-0000,Feb Weekend HS9,All
NBT00,generation,Feb,Weekend,10,0.026735,USCA-XXSD-NB00-0000,Feb Weekend HS10,All
NBT00,generation,Feb,Weekend,11,0.024482,USCA-XXSD-NB00-0000,Feb Weekend HS11,All
NBT00,generation,Feb,Weekend,12,0.024157,USCA-XXSD-NB00-0000,Feb Weekend HS12,All
NBT00,generation,Feb,Weekend,13,0.021857,USCA-XXSD-NB00-0000,Feb Weekend HS13,All
NBT00,generation,Feb,Weekend,14,0.021434,USCA-XXSD-NB00-0000,Feb Weekend HS14,All
NBT00,generation,Feb,Weekend,15,0.018795,USCA-XXSD-NB00-0000,Feb Weekend HS15,All
NBT00,generation,Feb,Weekend,16,0.05638,USCA-XXSD-NB00-0000,Feb Weekend HS16,All
NBT00,generation,Feb,Weekend,17,0.096896,USCA-XXSD-NB00-0000,Feb Weekend HS17,All
NBT00,generation,Feb,Weekend,18,0.099606,USCA-XXSD-NB00-0000,Feb Weekend HS18,All
NBT00,generation,Feb,Weekend,19,0.0881,USCA-XXSD-NB00-0000,Feb Weekend HS19,All
NBT00,generation,Feb,Weekend,20,0.08515,USCA-XXSD-NB00-0000,Feb Weekend HS20,All
NBT00,generation,Feb,Weekend,21,0.082132,USCA-XXSD-NB00-0000,Feb Weekend HS21,All
NBT00,generation,Feb,Weekend,22,0.083095,USCA-XXSD-NB00-0000,Feb Weekend HS22,All
NBT00,generation,Feb,Weekend,23,0.089704,USCA-XXSD-NB00-0000,Feb Weekend HS23,All
NBT00,generation,Mar,Weekday,0,0.072942,USCA-XXSD-NB00-0000,Mar Weekday HS0,All
NBT00,generation,Mar,Weekday,1,0.069432,USCA-XXSD-NB00-0000,Mar Weekday HS1,All
NBT00,generation,Mar,Weekday,2,0.065563,USCA-XXSD-NB00-0000,Mar Weekday HS2,All
NBT00,generation,Mar,Weekday,3,0.064982,USCA-XXSD-NB00-0000,Mar Weekday HS3,All
NBT00,generation,Mar,Weekday,4,0.066131,USCA-XXSD-NB00-0000,Mar Weekday HS4,All
NBT00,generation,Mar,Weekday,5,0.069222,USCA-XXSD-NB00-0000,Mar Weekday HS5,All
NBT00,generation,Mar,Weekday,6,0.071449,USCA-XXSD-NB00-0000,Mar Weekday HS6,All
NBT00,generation,Mar,Weekday,7,0.06454,USCA-XXSD-NB00-0000,Mar Weekday HS7,All
NBT00,generation,Mar,Weekday,8,0.045923,USCA-XXSD-NB00-0000,Mar Weekday HS8,All
NBT00,generation,Mar,Weekday,9,0.021434,USCA-XXSD-NB00-0000,Mar Weekday HS9,All
NBT00,generation,Mar,Weekday,10,0.016923,USCA-XXSD-NB00-0000,Mar Weekday HS10,All
NBT00,generation,Mar,Weekday,11,0.015751,USCA-XXSD-NB00-0000,Mar Weekday HS11,All
NBT00,generation,Mar,Weekday,12,0.016005,USCA-XXSD-NB00-0000,Mar Weekday HS12,All
NBT00,generation,Mar,Weekday,13,0.011977,USCA-XXSD-NB00-0000,Mar Weekday HS13,All
NBT00,generation,Mar,Weekday,14,0.010416,USCA-XXSD-NB00-0000,Mar Weekday HS14,All
NBT00,generation,Mar,Weekday,15,0.011533,USCA-XXSD-NB00-0000,Mar Weekday HS15,All
NBT00,generation,Mar,Weekday,16,0.022442,USCA-XXSD-NB00-0000,Mar Weekday HS16,All
NBT00,generation,Mar,Weekday,17,0.055682,USCA-XXSD-NB00-0000,Mar Weekday HS17,All
NBT00,generation,Mar,Weekday,18,0.08018,USCA-XXSD-NB00-0000,Mar Weekday HS18,All
NBT00,generation,Mar,Weekday,19,0.079117,USCA-XXSD-NB00-0000,Mar Weekday HS19,All
NBT00,generation,Mar,Weekday,20,0.07423,USCA-XXSD-NB00-0000,Mar Weekday HS20,All
NBT00,generation,Mar,Weekday,21,0.07138,USCA-XXSD-NB00-0000,Mar Weekday HS21,All
NBT00,generation,Mar,Weekday,22,0.0674,USCA-XXSD-NB00-0000,Mar Weekday HS22,All
NBT00,generation,Mar,Weekday,23,0.068997,USCA-XXSD-NB00-0000,Mar Weekday HS23,All
NBT00,generation,Mar,Weekend,0,0.066161,USCA-XXSD-NB00-0000,Mar Weekend HS0,All
NBT00,generation,Mar,Weekend,1,0.067403,USCA-XXSD-NB00-0000,Mar Weekend HS1,All
NBT00,generation,Mar,Weekend,2,0.068719,USCA-XXSD-NB00-0000,Mar Weekend HS2,All
NBT00,generation,Mar,Weekend,3,0.070252,USCA-XXSD-NB00-0000,Mar Weekend HS3,All
NBT00,generation,Mar,Weekend,4,0.069248,USCA-XXSD-NB00-0000,Mar Weekend HS4,All
NBT00,generation,Mar,Weekend,5,0.069209,USCA-XXSD-NB00-0000,Mar Weekend HS5,All
NBT00,generation,Mar,Weekend,6,0.066733,USCA-XXSD-NB00-0000,Mar Weekend HS6,All
NBT00,generation,Mar,Weekend,7,0.060302,USCA-XXSD-NB00-0000,Mar Weekend HS7,All
NBT00,generation,Mar,Weekend,8,0.006254,USCA-XXSD-NB00-0000,Mar Weekend HS8,All
NBT00,generation,Mar,Weekend,9,0.001806,USCA-XXSD-NB00-0000,Mar Weekend HS9,All
NBT00,generation,Mar,Weekend,10,0.00457,USCA-XXSD-NB00-0000,Mar Weekend HS10,All
NBT00,generation,Mar,Weekend,11,0.002826,USCA-XXSD-NB00-0000,Mar Weekend HS11,All
NBT00,generation,Mar,Weekend,12,0.000609,USCA-XXSD-NB00-0000,Mar Weekend HS12,All
NBT00,generation,Mar,Weekend,13,0.000594,USCA-XXSD-NB00-0000,Mar Weekend HS13,All
NBT00,generation,Mar,Weekend,14,0.0,USCA-XXSD-NB00-0000,Mar Weekend HS14,All
NBT00,generation,Mar,Weekend,15,0.003751,USCA-XXSD-NB00-0000,Mar Weekend HS15,All
NBT00,generation,Mar,Weekend,16,0.016194,USCA-XXSD-NB00-0000,Mar Weekend HS16,All
NBT00,generation,Mar,Weekend,17,0.031105,USCA-XXSD-NB00-0000,Mar Weekend HS17,All
NBT00,generation,Mar,Weekend,18,0.069955,USCA-XXSD-NB00-0000,Mar Weekend HS18,All
NBT00,generation,Mar,Weekend,19,0.072519,USCA-XXSD-NB00-0000,Mar Weekend HS19,All
NBT00,generation,Mar,Weekend,20,0.070148,USCA-XXSD-NB00-0000,Mar Weekend HS20,All
NBT00,generation,Mar,Weekend,21,0.069687,USCA-XXSD-NB00-0000,Mar Weekend HS21,All
NBT00,generation,Mar,Weekend,22,0.067888,USCA-XXSD-NB00-0000,Mar Weekend HS22,All
NBT00,generation,Mar,Weekend,23,0.064196,USCA-XXSD-NB00-0000,Mar Weekend HS23,All
NBT00,generation,Apr,Weekday,0,0.073127,USCA-XXSD-NB00-0000,Apr Weekday HS0,All
NBT00,generation,Apr,Weekday,1,0.071043,USCA-XXSD-NB00-0000,Apr Weekday HS1,All
NBT00,generation,Apr,Weekday,2,0.075999,USCA-XXSD-NB00-0000,Apr Weekday HS2,All
NBT00,generation,Apr,Weekday,3,0.073604,USCA-XXSD-NB00-0000,Apr Weekday HS3,All
NBT00,generation,Apr,Weekday,4,0.072572,USCA-XXSD-NB00-0000,Apr Weekday HS4,All
NBT00,generation,Apr,Weekday,5,0.075599,USCA-XXSD-NB00-0000,Apr Weekday HS5,All
NBT00,generation,Apr,Weekday,6,0.067171,USCA-XXSD-NB00-0000,Apr Weekday HS6,All
NBT00,generation,Apr,Weekday,7,0.054033,USCA-XXSD-NB00-0000,Apr Weekday HS7,All
NBT00,generation,Apr,Weekday,8,0.012223,USCA-XXSD-NB00-0000,Apr Weekday HS8,All
NBT00,generation,Apr,Weekday,9,0.004745,USCA-XXSD-NB00-0000,Apr Weekday HS9,All
NBT00,generation,Apr,Weekday,10,0.007856,USCA-XXSD-NB00-0000,Apr Weekday HS10,All
NBT00,generation,Apr,Weekday,11,0.006946,USCA-XXSD-NB00-0000,Apr Weekday HS11,All
NBT00,generation,Apr,Weekday,12,0.004055,USCA-XXSD-NB00-0000,Apr Weekday HS12,All
NBT00,generation,Apr,Weekday,13,0.001443,USCA-XXSD-NB00-0000,Apr Weekday HS13,All
NBT00,generation,Apr,Weekday,14,0.000599,USCA-XXSD-NB00-0000,Apr Weekday HS14,All
NBT00,generation,Apr,Weekday,15,0.000124,USCA-XXSD-NB00-0000,Apr Weekday HS15,All
NBT00,generation,Apr,Weekday,16,0.000756,USCA-XXSD-NB00-0000,Apr Weekday HS16,All
NBT00,generation,Apr,Weekday,17,0.004565,USCA-XXSD-NB00-0000,Apr Weekday HS17,All
NBT00,generation,Apr,Weekday,18,0.072585,USCA-XXSD-NB00-0000,Apr Weekday HS18,All
NBT00,generation,Apr,Weekday,19,0.072367,USCA-XXSD-NB00-0000,Apr Weekday HS19,All
NBT00,generation,Apr,Weekday,20,0.071607,USCA-XXSD-NB00-0000,Apr Weekday HS20,All
NBT00,generation,Apr,Weekday,21,0.070149,USCA-XXSD-NB00-0000,Apr Weekday HS21,All
NBT00,generation,Apr,Weekday,22,0.067566,USCA-XXSD-NB00-0000,Apr Weekday HS22,All
NBT00,generation,Apr,Weekday,23,0.073733,USCA-XXSD-NB00-0000,Apr Weekday HS23,All
NBT00,generation,Apr,Weekend,0,0.063637,USCA-XXSD-NB00-0000,Apr Weekend HS0,All
NBT00,generation,Apr,Weekend,1,0.064342,USCA-XXSD-NB00-0000,Apr Weekend HS1,All
NBT00,generation,Apr,Weekend,2,0.07137,USCA-XXSD-NB00-0000,Apr Weekend HS2,All
NBT00,generation,Apr,Weekend,3,0.075534,USCA-XXSD-NB00-0000,Apr Weekend HS3,All
NBT00,generation,Apr,Weekend,4,0.071918,USCA-XXSD-NB00-0000,Apr Weekend HS4,All
NBT00,generation,Apr,Weekend,5,0.07303,USCA-XXSD-NB00-0000,Apr Weekend HS5,All
NBT00,generation,Apr,Weekend,6,0.066399,USCA-XXSD-NB00-0000,Apr Weekend HS6,All
NBT00,generation,Apr,Weekend,7,0.044459,USCA-XXSD-NB00-0000,Apr Weekend HS7,All
NBT00,generation,Apr,Weekend,8,0.001525,USCA-XXSD-NB00-0000,Apr Weekend HS8,All
NBT00,generation,Apr,Weekend,9,0.001775,USCA-XXSD-NB00-0000,Apr Weekend HS9,All
NBT00,generation,Apr,Weekend,10,0.007402,USCA-XXSD-NB00-0000,Apr Weekend HS10,All
NBT00,generation,Apr,Weekend,11,0.004373,USCA-XXSD-NB00-0000,Apr Weekend HS11,All
NBT00,generation,Apr,Weekend,12,0.00072,USCA-XXSD-NB00-0000,Apr Weekend HS12,All
NBT00,generation,Apr,Weekend,13,0.0,USCA-XXSD-NB00-0000,Apr Weekend HS13,All
NBT00,generation,Apr,Weekend,14,0.0,USCA-XXSD-NB00-0000,Apr Weekend HS14,All
NBT00,generation,Apr,Weekend,15,0.0,USCA-XXSD-NB00-0000,Apr Weekend HS15,All
NBT00,generation,Apr,Weekend,16,0.0,USCA-XXSD-NB00-0000,Apr Weekend HS16,All
NBT00,generation,Apr,Weekend,17,0.002627,USCA-XXSD-NB00-0000,Apr Weekend HS17,All
NBT00,generation,Apr,Weekend,18,0.067669,USCA-XXSD-NB00-0000,Apr Weekend HS18,All
NBT00,generation,Apr,Weekend,19,0.077363,USCA-XXSD-NB00-0000,Apr Weekend HS19,All
NBT00,generation,Apr,Weekend,20,0.065678,USCA-XXSD-NB00-0000,Apr Weekend HS20,All
NBT00,generation,Apr,Weekend,21,0.066559,USCA-XXSD-NB00-0000,Apr Weekend HS21,All
NBT00,generation,Apr,Weekend,22,0.065205,USCA-XXSD-NB00-0000,Apr Weekend HS22,All
NBT00,generation,Apr,Weekend,23,0.067307,USCA-XXSD-NB00-0000,Apr Weekend HS23,All
NBT00,generation,May,Weekday,0,0.076086,USCA-XXSD-NB00-0000,May Weekday HS0,All
NBT00,generation,May,Weekday,1,0.072081,USCA-XXSD-NB00-0000,May Weekday HS1,All
NBT00,generation,May,Weekday,2,0.074545,USCA-XXSD-NB00-0000,May Weekday HS2,All
NBT00,generation,May,Weekday,3,0.078874,USCA-XXSD-NB00-0000,May Weekday HS3,All
NBT00,generation,May,Weekday,4,0.079276,USCA-XXSD-NB00-0000,May Weekday HS4,All
NBT00,generation,May,Weekday,5,0.072949,USCA-XXSD-NB00-0000,May Weekday HS5,All
NBT00,generation,May,Weekday,6,0.064935,USCA-XXSD-NB00-0000,May Weekday HS6,All
NBT00,generation,May,Weekday,7,0.061039,USCA-XXSD-NB00-0000,May Weekday HS7,All
NBT00,generation,May,Weekday,8,0.022328,USCA-XXSD-NB00-0000,May Weekday HS8,All
NBT00,generation,May,Weekday,9,0.01181,USCA-XXSD-NB00-0000,May Weekday HS9,All
NBT00,generation,May,Weekday,10,0.012951,USCA-XXSD-NB00-0000,May Weekday HS10,All
NBT00,generation,May,Weekday,11,0.009804,USCA-XXSD-NB00-0000,May Weekday HS11,All
NBT00,generation,May,Weekday,12,0.00932,USCA-XXSD-NB00-0000,May Weekday HS12,All
NBT00,generation,May,Weekday,13,0.010304,USCA-XXSD-NB00-0000,May Weekday HS13,All
NBT00,generation,May,Weekday,14,0.008748,USCA-XXSD-NB00-0000,May Weekday HS14,All
NBT00,generation,May,Weekday,15,0.00834,USCA-XXSD-NB00-0000,May Weekday HS15,All
NBT00,generation,May,Weekday,16,0.011268,USCA-XXSD-NB00-0000,May Weekday HS16,All
NBT00,generation,May,Weekday,17,0.031589,USCA-XXSD-NB00-0000,May Weekday HS17,All
NBT00,generation,May,Weekday,18,0.079269,USCA-XXSD-NB00-0000,May Weekday HS18,All
NBT00,generation,May,Weekday,19,0.08451,USCA-XXSD-NB00-0000,May Weekday HS19,All
NBT00,generation,May,Weekday,20,0.073731,USCA-XXSD-NB00-0000,May Weekday HS20,All
NBT00,generation,May,Weekday,21,0.072171,USCA-XXSD-NB00-0000,May Weekday HS21,All
NBT00,generation,May,Weekday,22,0.073531,USCA-XXSD-NB00-0000,May Weekday HS22,All
NBT00,generation,May,Weekday,23,0.074609,USCA-XXSD-NB00-0000,May Weekday HS23,All
NBT00,generation,May,Weekend,0,0.067349,USCA-XXSD-NB00-0000,May Weekend HS0,All
NBT00,generation,May,Weekend,1,0.068972,USCA-XXSD-NB00-0000,May Weekend HS1,All
NBT00,generation,May,Weekend,2,0.078746,USCA-XXSD-NB00-0000,May Weekend HS2,All
NBT00,generation,May,Weekend,3,0.080005,USCA-XXSD-NB00-0000,May Weekend HS3,All
NBT00,generation,May,Weekend,4,0.075073,USCA-XXSD-NB00-0000,May Weekend HS4,All
NBT00,generation,May,Weekend,5,0.068596,USCA-XXSD-NB00-0000,May Weekend HS5,All
NBT00,generation,May,Weekend,6,0.066631,USCA-XXSD-NB00-0000,May Weekend HS6,All
NBT00,generation,May,Weekend,7,0.031618,USCA-XXSD-NB00-0000,May Weekend HS7,All
NBT00,generation,May,Weekend,8,0.001891,USCA-XXSD-NB00-0000,May Weekend HS8,All
NBT00,generation,May,Weekend,9,0.004459,USCA-XXSD-NB00-0000,May Weekend HS9,All
NBT00,generation,May,Weekend,10,0.004213,USCA-XXSD-NB00-0000,May Weekend HS10,All
NBT00,generation,May,Weekend,11,0.004914,USCA-XXSD-NB00-0000,May Weekend HS11,All
NBT00,generation,May,Weekend,12,0.004438,USCA-XXSD-NB00-0000,May Weekend HS12,All
NBT00,generation,May,Weekend,13,0.003787,USCA-XXSD-NB00-0000,May Weekend HS13,All
NBT00,generation,May,Weekend,14,0.0,USCA-XXSD-NB00-0000,May Weekend HS14,All
NBT00,generation,May,Weekend,15,0.0,USCA-XXSD-NB00-0000,May Weekend HS15,All
NBT00,generation,May,Weekend,16,0.0,USCA-XXSD-NB00-0000,May Weekend HS16,All
NBT00,generation,May,Weekend,17,0.000633,USCA-XXSD-NB00-0000,May Weekend HS17,All
NBT00,generation,May,Weekend,18,0.056294,USCA-XXSD-NB00-0000,May Weekend HS18,All
NBT00,generation,May,Weekend,19,0.082698,USCA-XXSD-NB00-0000,May Weekend HS19,All
NBT00,generation,May,Weekend,20,0.075623,USCA-XXSD-NB00-0000,May Weekend HS20,All
NBT00,generation,May,Weekend,21,0.073472,USCA-XXSD-NB00-0000,May Weekend HS21,All
NBT00,generation,May,Weekend,22,0.073349,USCA-XXSD-NB00-0000,May Weekend HS22,All
NBT00,generation,May,Weekend,23,0.074792,USCA-XXSD-NB00-0000,May Weekend HS23,All
NBT00,generation,Jun,Weekday,0,0.074269,USCA-XXSD-NB00-0000,Jun Weekday HS0,All
NBT00,generation,Jun,Weekday,1,0.072218,USCA-XXSD-NB00-0000,Jun Weekday HS1,All
NBT00,generation,Jun,Weekday,2,0.069186,USCA-XXSD-NB00-0000,Jun Weekday HS2,All
NBT00,generation,Jun,Weekday,3,0.07237,USCA-XXSD-NB00-0000,Jun Weekday HS3,All
NBT00,generation,Jun,Weekday,4,0.070089,USCA-XXSD-NB00-0000,Jun Weekday HS4,All
NBT00,generation,Jun,Weekday,5,0.069092,USCA-XXSD-NB00-0000,Jun Weekday HS5,All
NBT00,generation,Jun,Weekday,6,0.065279,USCA-XXSD-NB00-0000,Jun Weekday HS6,All
NBT00,generation,Jun,Weekday,7,0.059607,USCA-XXSD-NB00-0000,Jun Weekday HS7,All
NBT00,generation,Jun,Weekday,8,0.041389,USCA-XXSD-NB00-0000,Jun Weekday HS8,All
NBT00,generation,Jun,Weekday,9,0.034757,USCA-XXSD-NB00-0000,Jun Weekday HS9,All
NBT00,generation,Jun,Weekday,10,0.032729,USCA-XXSD-NB00-0000,Jun Weekday HS10,All
NBT00,generation,Jun,Weekday,11,0.028239,USCA-XXSD-NB00-0000,Jun Weekday HS11,All
NBT00,generation,Jun,Weekday,12,0.02788,USCA-XXSD-NB00-0000,Jun Weekday HS12,All
NBT00,generation,Jun,Weekday,13,0.028766,USCA-XXSD-NB00-0000,Jun Weekday HS13,All
NBT00,generation,Jun,Weekday,14,0.032774,USCA-XXSD-NB00-0000,Jun Weekday HS14,All
NBT00,generation,Jun,Weekday,15,0.027245,USCA-XXSD-NB00-0000,Jun Weekday HS15,All
NBT00,generation,Jun,Weekday,16,0.030609,USCA-XXSD-NB00-0000,Jun Weekday HS16,All
NBT00,generation,Jun,Weekday,17,0.042889,USCA-XXSD-NB00-0000,Jun Weekday HS17,All
NBT00,generation,Jun,Weekday,18,0.085143,USCA-XXSD-NB00-0000,Jun Weekday HS18,All
NBT00,generation,Jun,Weekday,19,0.087481,USCA-XXSD-NB00-0000,Jun Weekday HS19,All
NBT00,generation,Jun,Weekday,20,0.083371,USCA-XXSD-NB00-0000,Jun Weekday HS20,All
NBT00,generation,Jun,Weekday,21,0.080033,USCA-XXSD-NB00-0000,Jun Weekday HS21,All
NBT00,generation,Jun,Weekday,22,0.074796,USCA-XXSD-NB00-0000,Jun Weekday HS22,All
NBT00,generation,Jun,Weekday,23,0.069175,USCA-XXSD-NB00-0000,Jun Weekday HS23,All
NBT00,generation,Jun,Weekend,0,0.070315,USCA-XXSD-NB00-0000,Jun Weekend HS0,All
NBT00,generation,Jun,Weekend,1,0.068271,USCA-XXSD-NB00-0000,Jun Weekend HS1,All
NBT00,generation,Jun,Weekend,2,0.068284,USCA-XXSD-NB00-0000,Jun Weekend HS2,All
NBT00,generation,Jun,Weekend,3,0.068651,USCA-XXSD-NB00-0000,Jun Weekend HS3,All
NBT00,generation,Jun,Weekend,4,0.065909,USCA-XXSD-NB00-0000,Jun Weekend HS4,All
NBT00,generation,Jun,Weekend,5,0.081987,USCA-XXSD-NB00-0000,Jun Weekend HS5,All
NBT00,generation,Jun,Weekend,6,0.068145,USCA-XXSD-NB00-0000,Jun Weekend HS6,All
NBT00,generation,Jun,Weekend,7,0.056294,USCA-XXSD-NB00-0000,Jun Weekend HS7,All
NBT00,generation,Jun,Weekend,8,0.017435,USCA-XXSD-NB00-0000,Jun Weekend HS8,All
NBT00,generation,Jun,Weekend,9,0.012918,USCA-XXSD-NB00-0000,Jun Weekend HS9,All
NBT00,generation,Jun,Weekend,10,0.017365,USCA-XXSD-NB00-0000,Jun Weekend HS10,All
NBT00,generation,Jun,Weekend,11,0.011007,USCA-XXSD-NB00-0000,Jun Weekend HS11,All
NBT00,generation,Jun,Weekend,12,0.012,USCA-XXSD-NB00-0000,Jun Weekend HS12,All
NBT00,generation,Jun,Weekend,13,0.006802,USCA-XXSD-NB00-0000,Jun Weekend HS13,All
NBT00,generation,Jun,Weekend,14,0.008566,USCA-XXSD-NB00-0000,Jun Weekend HS14,All
NBT00,generation,Jun,Weekend,15,0.008731,USCA-XXSD-NB00-0000,Jun Weekend HS15,All
NBT00,generation,Jun,Weekend,16,0.009594,USCA-XXSD-NB00-0000,Jun Weekend HS16,All
NBT00,generation,Jun,Weekend,17,0.020773,USCA-XXSD-NB00-0000,Jun Weekend HS17,All
NBT00,generation,Jun,Weekend,18,0.069273,USCA-XXSD-NB00-0000,Jun Weekend HS18,All
NBT00,generation,Jun,Weekend,19,0.09231,USCA-XXSD-NB00-0000,Jun Weekend HS19,All
NBT00,generation,Jun,Weekend,20,0.079939,USCA-XXSD-NB00-0000,Jun Weekend HS20,All
NBT00,generation,Jun,Weekend,21,0.075855,USCA-XXSD-NB00-0000,Jun Weekend HS21,All
NBT00,generation,Jun,Weekend,22,0.07518,USCA-XXSD-NB00-0000,Jun Weekend HS22,All
NBT00,generation,Jun,Weekend,23,0.071285,USCA-XXSD-NB00-0000,Jun Weekend HS23,All
NBT00,generation,Jul,Weekday,0,0.070886,USCA-XXSD-NB00-0000,Jul Weekday HS0,All
NBT00,generation,Jul,Weekday,1,0.071468,USCA-XXSD-NB00-0000,Jul Weekday HS1,All
NBT00,generation,Jul,Weekday,2,0.068711,USCA-XXSD-NB00-0000,Jul Weekday HS2,All
NBT00,generation,Jul,Weekday,3,0.069546,USCA-XXSD-NB00-0000,Jul Weekday HS3,All
NBT00,generation,Jul,Weekday,4,0.066988,USCA-XXSD-NB00-0000,Jul Weekday HS4,All
NBT00,generation,Jul,Weekday,5,0.066891,USCA-XXSD-NB00-0000,Jul Weekday HS5,All
NBT00,generation,Jul,Weekday,6,0.069852,USCA-XXSD-NB00-0000,Jul Weekday HS6,All
NBT00,generation,Jul,Weekday,7,0.066528,USCA-XXSD-NB00-0000,Jul Weekday HS7,All
NBT00,generation,Jul,Weekday,8,0.063334,USCA-XXSD-NB00-0000,Jul Weekday HS8,All
NBT00,generation,Jul,Weekday,9,0.05654,USCA-XXSD-NB00-0000,Jul Weekday HS9,All
NBT00,generation,Jul,Weekday,10,0.057636,USCA-XXSD-NB00-0000,Jul Weekday HS10,All
NBT00,generation,Jul,Weekday,11,0.055463,USCA-XXSD-NB00-0000,Jul Weekday HS11,All
NBT00,generation,Jul,Weekday,12,0.051343,USCA-XXSD-NB00-0000,Jul Weekday HS12,All
NBT00,generation,Jul,Weekday,13,0.047215,USCA-XXSD-NB00-0000,Jul Weekday HS13,All
NBT00,generation,Jul,Weekday,14,0.046995,USCA-XXSD-NB00-0000,Jul Weekday HS14,All
NBT00,generation,Jul,Weekday,15,0.049198,USCA-XXSD-NB00-0000,Jul Weekday HS15,All
NBT00,generation,Jul,Weekday,16,0.047588,USCA-XXSD-NB00-0000,Jul Weekday HS16,All
NBT00,generation,Jul,Weekday,17,0.060355,USCA-XXSD-NB00-0000,Jul Weekday HS17,All
NBT00,generation,Jul,Weekday,18,0.095916,USCA-XXSD-NB00-0000,Jul Weekday HS18,All
NBT00,generation,Jul,Weekday,19,0.104757,USCA-XXSD-NB00-0000,Jul Weekday HS19,All
NBT00,generation,Jul,Weekday,20,0.090912,USCA-XXSD-NB00-0000,Jul Weekday HS20,All
NBT00,generation,Jul,Weekday,21,0.081586,USCA-XXSD-NB00-0000,Jul Weekday HS21,All
NBT00,generation,Jul,Weekday,22,0.078626,USCA-XXSD-NB00-0000,Jul Weekday HS22,All
NBT00,generation,Jul,Weekday,23,0.072629,USCA-XXSD-NB00-0000,Jul Weekday HS23,All
NBT00,generation,Jul,Weekend,0,0.07727,USCA-XXSD-NB00-0000,Jul Weekend HS0,All
NBT00,generation,Jul,Weekend,1,0.07137,USCA-XXSD-NB00-0000,Jul Weekend HS1,All
NBT00,generation,Jul,Weekend,2,0.068981,USCA-XXSD-NB00-0000,Jul Weekend HS2,All
NBT00,generation,Jul,Weekend,3,0.068839,USCA-XXSD-NB00-0000,Jul Weekend HS3,All
NBT00,generation,Jul,Weekend,4,0.06644,USCA-XXSD-NB00-0000,Jul Weekend HS4,All
NBT00,generation,Jul,Weekend,5,0.067159,USCA-XXSD-NB00-0000,Jul Weekend HS5,All
NBT00,generation,Jul,Weekend,6,0.063602,USCA-XXSD-NB00-0000,Jul Weekend HS6,All
NBT00,generation,Jul,Weekend,7,0.060731,USCA-XXSD-NB00-0000,Jul Weekend HS7,All
NBT00,generation,Jul,Weekend,8,0.024329,USCA-XXSD-NB00-0000,Jul Weekend HS8,All
NBT00,generation,Jul,Weekend,9,0.02412,USCA-XXSD-NB00-0000,Jul Weekend HS9,All
NBT00,generation,Jul,Weekend,10,0.026086,USCA-XXSD-NB00-0000,Jul Weekend HS10,All
NBT00,generation,Jul,Weekend,11,0.021922,USCA-XXSD-NB00-0000,Jul Weekend HS11,All
NBT00,generation,Jul,Weekend,12,0.024313,USCA-XXSD-NB00-0000,Jul Weekend HS12,All
NBT00,generation,Jul,Weekend,13,0.025391,USCA-XXSD-NB00-0000,Jul Weekend HS13,All
NBT00,generation,Jul,Weekend,14,0.019634,USCA-XXSD-NB00-0000,Jul Weekend HS14,All
NBT00,generation,Jul,Weekend,15,0.023453,USCA-XXSD-NB00-0000,Jul Weekend HS15,All
NBT00,generation,Jul,Weekend,16,0.023481,USCA-XXSD-NB00-0000,Jul Weekend HS16,All
NBT00,generation,Jul,Weekend,17,0.042607,USCA-XXSD-NB00-0000,Jul Weekend HS17,All
NBT00,generation,Jul,Weekend,18,0.091438,USCA-XXSD-NB00-0000,Jul Weekend HS18,All
NBT00,generation,Jul,Weekend,19,0.111178,USCA-XXSD-NB00-0000,Jul Weekend HS19,All
NBT00,generation,Jul,Weekend,20,0.097059,USCA-XXSD-NB00-0000,Jul Weekend HS20,All
NBT00,generation,Jul,Weekend,21,0.078037,USCA-XXSD-NB00-0000,Jul Weekend HS21,All
NBT00,generation,Jul,Weekend,22,0.076206,USCA-XXSD-NB00-0000,Jul Weekend HS22,All
NBT00,generation,Jul,Weekend,23,0.073233,USCA-XXSD-NB00-0000,Jul Weekend HS23,All
NBT00,generation,Aug,Weekday,0,0.085731,USCA-XXSD-NB00-0000,Aug Weekday HS0,All
NBT00,generation,Aug,Weekday,1,0.087143,USCA-XXSD-NB00-0000,Aug Weekday HS1,All
NBT00,generation,Aug,Weekday,2,0.084063,USCA-XXSD-NB00-0000,Aug Weekday HS2,All
NBT00,generation,Aug,Weekday,3,0.080639,USCA-XXSD-NB00-0000,Aug Weekday HS3,All
NBT00,generation,Aug,Weekday,4,0.080311,USCA-XXSD-NB00-0000,Aug Weekday HS4,All
NBT00,generation,Aug,Weekday,5,0.080732,USCA-XXSD-NB00-0000,Aug Weekday HS5,All
NBT00,generation,Aug,Weekday,6,0.077237,USCA-XXSD-NB00-0000,Aug Weekday HS6,All
NBT00,generation,Aug,Weekday,7,0.068571,USCA-XXSD-NB00-0000,Aug Weekday HS7,All
NBT00,generation,Aug,Weekday,8,0.062131,USCA-XXSD-NB00-0000,Aug Weekday HS8,All
NBT00,generation,Aug,Weekday,9,0.061015,USCA-XXSD-NB00-0000,Aug Weekday HS9,All
NBT00,generation,Aug,Weekday,10,0.060773,USCA-XXSD-NB00-0000,Aug Weekday HS10,All
NBT00,generation,Aug,Weekday,11,0.0602,USCA-XXSD-NB00-0000,Aug Weekday HS11,All
NBT00,generation,Aug,Weekday,12,0.060135,USCA-XXSD-NB00-0000,Aug Weekday HS12,All
NBT00,generation,Aug,Weekday,13,0.059899,USCA-XXSD-NB00-0000,Aug Weekday HS13,All
NBT00,generation,Aug,Weekday,14,0.060172,USCA-XXSD-NB00-0000,Aug Weekday HS14,All
NBT00,generation,Aug,Weekday,15,0.063553,USCA-XXSD-NB00-0000,Aug Weekday HS15,All
NBT00,generation,Aug,Weekday,16,0.076317,USCA-XXSD-NB00-0000,Aug Weekday HS16,All
NBT00,generation,Aug,Weekday,17,0.827181,USCA-XXSD-NB00-0000,Aug Weekday HS17,All
NBT00,generation,Aug,Weekday,18,0.864014,USCA-XXSD-NB00-0000,Aug Weekday HS18,All
NBT00,generation,Aug,Weekday,19,0.891346,USCA-XXSD-NB00-0000,Aug Weekday HS19,All
NBT00,generation,Aug,Weekday,20,0.974134,USCA-XXSD-NB00-0000,Aug Weekday HS20,All
NBT00,generation,Aug,Weekday,21,0.872606,USCA-XXSD-NB00-0000,Aug Weekday HS21,All
NBT00,generation,Aug,Weekday,22,0.863232,USCA-XXSD-NB00-0000,Aug Weekday HS22,All
NBT00,generation,Aug,Weekday,23,0.087852,USCA-XXSD-NB00-0000,Aug Weekday HS23,All
NBT00,generation,Aug,Weekend,0,0.084578,USCA-XXSD-NB00-0000,Aug Weekend HS0,All
NBT00,generation,Aug,Weekend,1,0.083026,USCA-XXSD-NB00-0000,Aug Weekend HS1,All
NBT00,generation,Aug,Weekend,2,0.084873,USCA-XXSD-NB00-0000,Aug Weekend HS2,All
NBT00,generation,Aug,Weekend,3,0.078365,USCA-XXSD-NB00-0000,Aug Weekend HS3,All
NBT00,generation,Aug,Weekend,4,0.075695,USCA-XXSD-NB00-0000,Aug Weekend HS4,All
NBT00,generation,Aug,Weekend,5,0.075779,USCA-XXSD-NB00-0000,Aug Weekend HS5,All
NBT00,generation,Aug,Weekend,6,0.07001,USCA-XXSD-NB00-0000,Aug Weekend HS6,All
NBT00,generation,Aug,Weekend,7,0.059209,USCA-XXSD-NB00-0000,Aug Weekend HS7,All
NBT00,generation,Aug,Weekend,8,0.041725,USCA-XXSD-NB00-0000,Aug Weekend HS8,All
NBT00,generation,Aug,Weekend,9,0.038283,USCA-XXSD-NB00-0000,Aug Weekend HS9,All
NBT00,generation,Aug,Weekend,10,0.037844,USCA-XXSD-NB00-0000,Aug Weekend HS10,All
NBT00,generation,Aug,Weekend,11,0.037935,USCA-XXSD-NB00-0000,Aug Weekend HS11,All
NBT00,generation,Aug,Weekend,12,0.034757,USCA-XXSD-NB00-0000,Aug Weekend HS12,All
NBT00,generation,Aug,Weekend,13,0.034411,USCA-XXSD-NB00-0000,Aug Weekend HS13,All
NBT00,generation,Aug,Weekend,14,0.03468,USCA-XXSD-NB00-0000,Aug Weekend HS14,All
NBT00,generation,Aug,Weekend,15,0.04136,USCA-XXSD-NB00-0000,Aug Weekend HS15,All
NBT00,generation,Aug,Weekend,16,0.05618,USCA-XXSD-NB00-0000,Aug Weekend HS16,All
NBT00,generation,Aug,Weekend,17,0.86768,USCA-XXSD-NB00-0000,Aug Weekend HS17,All
NBT00,generation,Aug,Weekend,18,0.921784,USCA-XXSD-NB00-0000,Aug Weekend HS18,All
NBT00,generation,Aug,Weekend,19,0.940835,USCA-XXSD-NB00-0000,Aug Weekend HS19,All
NBT00,generation,Aug,Weekend,20,1.015889,USCA-XXSD-NB00-0000,Aug Weekend HS20,All
NBT00,generation,Aug,Weekend,21,0.930768,USCA-XXSD-NB00-0000,Aug Weekend HS21,All
NBT00,generation,Aug,Weekend,22,0.922093,USCA-XXSD-NB00-0000,Aug Weekend HS22,All
NBT00,generation,Aug,Weekend,23,0.086636,USCA-XXSD-NB00-0000,Aug Weekend HS23,All
NBT00,generation,Sep,Weekday,0,0.088639,USCA-XXSD-NB00-0000,Sep Weekday HS0,All
NBT00,generation,Sep,Weekday,1,0.08654,USCA-XXSD-NB00-0000,Sep Weekday HS1,All
NBT00,generation,Sep,Weekday,2,0.085032,USCA-XXSD-NB00-0000,Sep Weekday HS2,All
NBT00,generation,Sep,Weekday,3,0.081474,USCA-XXSD-NB00-0000,Sep Weekday HS3,All
NBT00,generation,Sep,Weekday,4,0.080286,USCA-XXSD-NB00-0000,Sep Weekday HS4,All
NBT00,generation,Sep,Weekday,5,0.083082,USCA-XXSD-NB00-0000,Sep Weekday HS5,All
NBT00,generation,Sep,Weekday,6,0.08058,USCA-XXSD-NB00-0000,Sep Weekday HS6,All
NBT00,generation,Sep,Weekday,7,0.067567,USCA-XXSD-NB00-0000,Sep Weekday HS7,All
NBT00,generation,Sep,Weekday,8,0.060445,USCA-XXSD-NB00-0000,Sep Weekday HS8,All
NBT00,generation,Sep,Weekday,9,0.056538,USCA-XXSD-NB00-0000,Sep Weekday HS9,All
NBT00,generation,Sep,Weekday,10,0.054561,USCA-XXSD-NB00-0000,Sep Weekday HS10,All
NBT00,generation,Sep,Weekday,11,0.054301,USCA-XXSD-NB00-0000,Sep Weekday HS11,All
NBT00,generation,Sep,Weekday,12,0.054119,USCA-XXSD-NB00-0000,Sep Weekday HS12,All
NBT00,generation,Sep,Weekday,13,0.05407,USCA-XXSD-NB00-0000,Sep Weekday HS13,All
NBT00,generation,Sep,Weekday,14,0.051519,USCA-XXSD-NB00-0000,Sep Weekday HS14,All
NBT00,generation,Sep,Weekday,15,0.051169,USCA-XXSD-NB00-0000,Sep Weekday HS15,All
NBT00,generation,Sep,Weekday,16,0.067752,USCA-XXSD-NB00-0000,Sep Weekday HS16,All
NBT00,generation,Sep,Weekday,17,0.131109,USCA-XXSD-NB00-0000,Sep Weekday HS17,All
NBT00,generation,Sep,Weekday,18,0.448955,USCA-XXSD-NB00-0000,Sep Weekday HS18,All
NBT00,generation,Sep,Weekday,19,0.580566,USCA-XXSD-NB00-0000,Sep Weekday HS19,All
NBT00,generation,Sep,Weekday,20,0.309469,USCA-XXSD-NB00-0000,Sep Weekday HS20,All
NBT00,generation,Sep,Weekday,21,0.149838,USCA-XXSD-NB00-0000,Sep Weekday HS21,All
NBT00,generation,Sep,Weekday,22,0.149167,USCA-XXSD-NB00-0000,Sep Weekday HS22,All
NBT00,generation,Sep,Weekday,23,0.094353,USCA-XXSD-NB00-0000,Sep Weekday HS23,All
NBT00,generation,Sep,Weekend,0,0.078143,USCA-XXSD-NB00-0000,Sep Weekend HS0,All
NBT00,generation,Sep,Weekend,1,0.081011,USCA-XXSD-NB00-0000,Sep Weekend HS1,All
NBT00,generation,Sep,Weekend,2,0.079276,USCA-XXSD-NB00-0000,Sep Weekend HS2,All
NBT00,generation,Sep,Weekend,3,0.075727,USCA-XXSD-NB00-0000,Sep Weekend HS3,All
NBT00,generation,Sep,Weekend,4,0.074796,USCA-XXSD-NB00-0000,Sep Weekend HS4,All
NBT00,generation,Sep,Weekend,5,0.074732,USCA-XXSD-NB00-0000,Sep Weekend HS5,All
NBT00,generation,Sep,Weekend,6,0.072665,USCA-XXSD-NB00-0000,Sep Weekend HS6,All
NBT00,generation,Sep,Weekend,7,0.059871,USCA-XXSD-NB00-0000,Sep Weekend HS7,All
NBT00,generation,Sep,Weekend,8,0.035491,USCA-XXSD-NB00-0000,Sep Weekend HS8,All
NBT00,generation,Sep,Weekend,9,0.023119,USCA-XXSD-NB00-0000,Sep Weekend HS9,All
NBT00,generation,Sep,Weekend,10,0.020126,USCA-XXSD-NB00-0000,Sep Weekend HS10,All
NBT00,generation,Sep,Weekend,11,0.019322,USCA-XXSD-NB00-0000,Sep Weekend HS11,All
NBT00,generation,Sep,Weekend,12,0.016459,USCA-XXSD-NB00-0000,Sep Weekend HS12,All
NBT00,generation,Sep,Weekend,13,0.018447,USCA-XXSD-NB00-0000,Sep Weekend HS13,All
NBT00,generation,Sep,Weekend,14,0.022584,USCA-XXSD-NB00-0000,Sep Weekend HS14,All
NBT00,generation,Sep,Weekend,15,0.025238,USCA-XXSD-NB00-0000,Sep Weekend HS15,All
NBT00,generation,Sep,Weekend,16,0.042165,USCA-XXSD-NB00-0000,Sep Weekend HS16,All
NBT00,generation,Sep,Weekend,17,0.12042,USCA-XXSD-NB00-0000,Sep Weekend HS17,All
NBT00,generation,Sep,Weekend,18,0.520242,USCA-XXSD-NB00-0000,Sep Weekend HS18,All
NBT00,generation,Sep,Weekend,19,0.677033,USCA-XXSD-NB00-0000,Sep Weekend HS19,All
NBT00,generation,Sep,Weekend,20,0.339703,USCA-XXSD-NB00-0000,Sep Weekend HS20,All
NBT00,generation,Sep,Weekend,21,0.161182,USCA-XXSD-NB00-0000,Sep Weekend HS21,All
NBT00,generation,Sep,Weekend,22,0.161611,USCA-XXSD-NB00-0000,Sep Weekend HS22,All
NBT00,generation,Sep,Weekend,23,0.09104,USCA-XXSD-NB00-0000,Sep Weekend HS23,All
NBT00,generation,Oct,Weekday,0,0.085274,USCA-XXSD-NB00-0000,Oct Weekday HS0,All
NBT00,generation,Oct,Weekday,1,0.085859,USCA-XXSD-NB00-0000,Oct Weekday HS1,All
NBT00,generation,Oct,Weekday,2,0.082577,USCA-XXSD-NB00-0000,Oct Weekday HS2,All
NBT00,generation,Oct,Weekday,3,0.078518,USCA-XXSD-NB00-0000,Oct Weekday HS3,All
NBT00,generation,Oct,Weekday,4,0.078491,USCA-XXSD-NB00-0000,Oct Weekday HS4,All
NBT00,generation,Oct,Weekday,5,0.078529,USCA-XXSD-NB00-0000,Oct Weekday HS5,All
NBT00,generation,Oct,Weekday,6,0.082707,USCA-XXSD-NB00-0000,Oct Weekday HS6,All
NBT00,generation,Oct,Weekday,7,0.072811,USCA-XXSD-NB00-0000,Oct Weekday HS7,All
NBT00,generation,Oct,Weekday,8,0.062931,USCA-XXSD-NB00-0000,Oct Weekday HS8,All
NBT00,generation,Oct,Weekday,9,0.057272,USCA-XXSD-NB00-0000,Oct Weekday HS9,All
NBT00,generation,Oct,Weekday,10,0.056142,USCA-XXSD-NB00-0000,Oct Weekday HS10,All
NBT00,generation,Oct,Weekday,11,0.054416,USCA-XXSD-NB00-0000,Oct Weekday HS11,All
NBT00,generation,Oct,Weekday,12,0.053737,USCA-XXSD-NB00-0000,Oct Weekday HS12,All
NBT00,generation,Oct,Weekday,13,0.053131,USCA-XXSD-NB00-0000,Oct Weekday HS13,All
NBT00,generation,Oct,Weekday,14,0.052773,USCA-XXSD-NB00-0000,Oct Weekday HS14,All
NBT00,generation,Oct,Weekday,15,0.052498,USCA-XXSD-NB00-0000,Oct Weekday HS15,All
NBT00,generation,Oct,Weekday,16,0.058191,USCA-XXSD-NB00-0000,Oct Weekday HS16,All
NBT00,generation,Oct,Weekday,17,0.088394,USCA-XXSD-NB00-0000,Oct Weekday HS17,All
NBT00,generation,Oct,Weekday,18,0.0912,USCA-XXSD-NB00-0000,Oct Weekday HS18,All
NBT00,generation,Oct,Weekday,19,0.088724,USCA-XXSD-NB00-0000,Oct Weekday HS19,All
NBT00,generation,Oct,Weekday,20,0.084986,USCA-XXSD-NB00-0000,Oct Weekday HS20,All
NBT00,generation,Oct,Weekday,21,0.080482,USCA-XXSD-NB00-0000,Oct Weekday HS21,All
NBT00,generation,Oct,Weekday,22,0.086965,USCA-XXSD-NB00-0000,Oct Weekday HS22,All
NBT00,generation,Oct,Weekday,23,0.087828,USCA-XXSD-NB00-0000,Oct Weekday HS23,All
NBT00,generation,Oct,Weekend,0,0.077874,USCA-XXSD-NB00-0000,Oct Weekend HS0,All
NBT00,generation,Oct,Weekend,1,0.078791,USCA-XXSD-NB00-0000,Oct Weekend HS1,All
NBT00,generation,Oct,Weekend,2,0.075375,USCA-XXSD-NB00-0000,Oct Weekend HS2,All
NBT00,generation,Oct,Weekend,3,0.076025,USCA-XXSD-NB00-0000,Oct Weekend HS3,All
NBT00,generation,Oct,Weekend,4,0.074459,USCA-XXSD-NB00-0000,Oct Weekend HS4,All
NBT00,generation,Oct,Weekend,5,0.073682,USCA-XXSD-NB00-0000,Oct Weekend HS5,All
NBT00,generation,Oct,Weekend,6,0.071367,USCA-XXSD-NB00-0000,Oct Weekend HS6,All
NBT00,generation,Oct,Weekend,7,0.064215,USCA-XXSD-NB00-0000,Oct Weekend HS7,All
NBT00,generation,Oct,Weekend,8,0.042769,USCA-XXSD-NB00-0000,Oct Weekend HS8,All
NBT00,generation,Oct,Weekend,9,0.020851,USCA-XXSD-NB00-0000,Oct Weekend HS9,All
NBT00,generation,Oct,Weekend,10,0.020838,USCA-XXSD-NB00-0000,Oct Weekend HS10,All
NBT00,generation,Oct,Weekend,11,0.020131,USCA-XXSD-NB00-0000,Oct Weekend HS11,All
NBT00,generation,Oct,Weekend,12,0.019775,USCA-XXSD-NB00-0000,Oct Weekend HS12,All
NBT00,generation,Oct,Weekend,13,0.018893,USCA-XXSD-NB00-0000,Oct Weekend HS13,All
NBT00,generation,Oct,Weekend,14,0.020418,USCA-XXSD-NB00-0000,Oct Weekend HS14,All
NBT00,generation,Oct,Weekend,15,0.02148,USCA-XXSD-NB00-0000,Oct Weekend HS15,All
NBT00,generation,Oct,Weekend,16,0.037406,USCA-XXSD-NB00-0000,Oct Weekend HS16,All
NBT00,generation,Oct,Weekend,17,0.07838,USCA-XXSD-NB00-0000,Oct Weekend HS17,All
NBT00,generation,Oct,Weekend,18,0.080806,USCA-XXSD-NB00-0000,Oct Weekend HS18,All
NBT00,generation,Oct,Weekend,19,0.079563,USCA-XXSD-NB00-0000,Oct Weekend HS19,All
NBT00,generation,Oct,Weekend,20,0.07826,USCA-XXSD-NB00-0000,Oct Weekend HS20,All
NBT00,generation,Oct,Weekend,21,0.076004,USCA-XXSD-NB00-0000,Oct Weekend HS21,All
NBT00,generation,Oct,Weekend,22,0.087735,USCA-XXSD-NB00-0000,Oct Weekend HS22,All
NBT00,generation,Oct,Weekend,23,0.082157,USCA-XXSD-NB00-0000,Oct Weekend HS23,All
NBT00,generation,Nov,Weekday,0,0.08268,USCA-XXSD-NB00-0000,Nov Weekday HS0,All
NBT00,generation,Nov,Weekday,1,0.081419,USCA-XXSD-NB00-0000,Nov Weekday HS1,All
NBT00,generation,Nov,Weekday,2,0.079826,USCA-XXSD-NB00-0000,Nov Weekday HS2,All
NBT00,generation,Nov,Weekday,3,0.078759,USCA-XXSD-NB00-0000,Nov Weekday HS3,All
NBT00,generation,Nov,Weekday,4,0.082833,USCA-XXSD-NB00-0000,Nov Weekday HS4,All
NBT00,generation,Nov,Weekday,5,0.084505,USCA-XXSD-NB00-0000,Nov Weekday HS5,All
NBT00,generation,Nov,Weekday,6,0.081069,USCA-XXSD-NB00-0000,Nov Weekday HS6,All
NBT00,generation,Nov,Weekday,7,0.071326,USCA-XXSD-NB00-0000,Nov Weekday HS7,All
NBT00,generation,Nov,Weekday,8,0.061549,USCA-XXSD-NB00-0000,Nov Weekday HS8,All
NBT00,generation,Nov,Weekday,9,0.058933,USCA-XXSD-NB00-0000,Nov Weekday HS9,All
NBT00,generation,Nov,Weekday,10,0.056738,USCA-XXSD-NB00-0000,Nov Weekday HS10,All
NBT00,generation,Nov,Weekday,11,0.054461,USCA-XXSD-NB00-0000,Nov Weekday HS11,All
NBT00,generation,Nov,Weekday,12,0.053093,USCA-XXSD-NB00-0000,Nov Weekday HS12,All
NBT00,generation,Nov,Weekday,13,0.047083,USCA-XXSD-NB00-0000,Nov Weekday HS13,All
NBT00,generation,Nov,Weekday,14,0.048456,USCA-XXSD-NB00-0000,Nov Weekday HS14,All
NBT00,generation,Nov,Weekday,15,0.062657,USCA-XXSD-NB00-0000,Nov Weekday HS15,All
NBT00,generation,Nov,Weekday,16,0.089199,USCA-XXSD-NB00-0000,Nov Weekday HS16,All
NBT00,generation,Nov,Weekday,17,0.091535,USCA-XXSD-NB00-0000,Nov Weekday HS17,All
NBT00,generation,Nov,Weekday,18,0.085865,USCA-XXSD-NB00-0000,Nov Weekday HS18,All
NBT00,generation,Nov,Weekday,19,0.083852,USCA-XXSD-NB00-0000,Nov Weekday HS19,All
NBT00,generation,Nov,Weekday,20,0.082859,USCA-XXSD-NB00-0000,Nov Weekday HS20,All
NBT00,generation,Nov,Weekday,21,0.084715,USCA-XXSD-NB00-0000,Nov Weekday HS21,All
NBT00,generation,Nov,Weekday,22,0.08578,USCA-XXSD-NB00-0000,Nov Weekday HS22,All
NBT00,generation,Nov,Weekday,23,0.088662,USCA-XXSD-NB00-0000,Nov Weekday HS23,All
NBT00,generation,Nov,Weekend,0,0.079228,USCA-XXSD-NB00-0000,Nov Weekend HS0,All
NBT00,generation,Nov,Weekend,1,0.075891,USCA-XXSD-NB00-0000,Nov Weekend HS1,All
NBT00,generation,Nov,Weekend,2,0.074473,USCA-XXSD-NB00-0000,Nov Weekend HS2,All
NBT00,generation,Nov,Weekend,3,0.073564,USCA-XXSD-NB00-0000,Nov Weekend HS3,All
NBT00,generation,Nov,Weekend,4,0.074291,USCA-XXSD-NB00-0000,Nov Weekend HS4,All
NBT00,generation,Nov,Weekend,5,0.07561,USCA-XXSD-NB00-0000,Nov Weekend HS5,All
NBT00,generation,Nov,Weekend,6,0.075633,USCA-XXSD-NB00-0000,Nov Weekend HS6,All
NBT00,generation,Nov,Weekend,7,0.055529,USCA-XXSD-NB00-0000,Nov Weekend HS7,All
NBT00,generation,Nov,Weekend,8,0.035524,USCA-XXSD-NB00-0000,Nov Weekend HS8,All
NBT00,generation,Nov,Weekend,9,0.026328,USCA-XXSD-NB00-0000,Nov Weekend HS9,All
NBT00,generation,Nov,Weekend,10,0.023922,USCA-XXSD-NB00-0000,Nov Weekend HS10,All
NBT00,generation,Nov,Weekend,11,0.02116,USCA-XXSD-NB00-0000,Nov Weekend HS11,All
NBT00,generation,Nov,Weekend,12,0.020757,USCA-XXSD-NB00-0000,Nov Weekend HS12,All
NBT00,generation,Nov,Weekend,13,0.020289,USCA-XXSD-NB00-0000,Nov Weekend HS13,All
NBT00,generation,Nov,Weekend,14,0.021091,USCA-XXSD-NB00-0000,Nov Weekend HS14,All
NBT00,generation,Nov,Weekend,15,0.039479,USCA-XXSD-NB00-0000,Nov Weekend HS15,All
NBT00,generation,Nov,Weekend,16,0.076592,USCA-XXSD-NB00-0000,Nov Weekend HS16,All
NBT00,generation,Nov,Weekend,17,0.088058,USCA-XXSD-NB00-0000,Nov Weekend HS17,All
NBT00,generation,Nov,Weekend,18,0.083664,USCA-XXSD-NB00-0000,Nov Weekend HS18,All
NBT00,generation,Nov,Weekend,19,0.080217,USCA-XXSD-NB00-0000,Nov Weekend HS19,All
NBT00,generation,Nov,Weekend,20,0.078072,USCA-XXSD-NB00-0000,Nov Weekend HS20,All
NBT00,generation,Nov,Weekend,21,0.077618,USCA-XXSD-NB00-0000,Nov Weekend HS21,All
NBT00,generation,Nov,Weekend,22,0.08189,USCA-XXSD-NB00-0000,Nov Weekend HS22,All
NBT00,generation,Nov,Weekend,23,0.077605,USCA-XXSD-NB00-0000,Nov Weekend HS23,All
NBT00,generation,Dec,Weekday,0,0.084932,USCA-XXSD-NB00-0000,Dec Weekday HS0,All
NBT00,generation,Dec,Weekday,1,0.083194,USCA-XXSD-NB00-0000,Dec Weekday HS1,All
NBT00,generation,Dec,Weekday,2,0.080104,USCA-XXSD-NB00-0000,Dec Weekday HS2,All
NBT00,generation,Dec,Weekday,3,0.080725,USCA-XXSD-NB00-0000,Dec Weekday HS3,All
NBT00,generation,Dec,Weekday,4,0.082805,USCA-XXSD-NB00-0000,Dec Weekday HS4,All
NBT00,generation,Dec,Weekday,5,0.085323,USCA-XXSD-NB00-0000,Dec Weekday HS5,All
NBT00,generation,Dec,Weekday,6,0.095117,USCA-XXSD-NB00-0000,Dec Weekday HS6,All
NBT00,generation,Dec,Weekday,7,0.079411,USCA-XXSD-NB00-0000,Dec Weekday HS7,All
NBT00,generation,Dec,Weekday,8,0.070383,USCA-XXSD-NB00-0000,Dec Weekday HS8,All
NBT00,generation,Dec,Weekday,9,0.066264,USCA-XXSD-NB00-0000,Dec Weekday HS9,All
NBT00,generation,Dec,Weekday,10,0.06399,USCA-XXSD-NB00-0000,Dec Weekday HS10,All
NBT00,generation,Dec,Weekday,11,0.060404,USCA-XXSD-NB00-0000,Dec Weekday HS11,All
NBT00,generation,Dec,Weekday,12,0.056634,USCA-XXSD-NB00-0000,Dec Weekday HS12,All
NBT00,generation,Dec,Weekday,13,0.057032,USCA-XXSD-NB00-0000,Dec Weekday HS13,All
NBT00,generation,Dec,Weekday,14,0.05615,USCA-XXSD-NB00-0000,Dec Weekday HS14,All
NBT00,generation,Dec,Weekday,15,0.066642,USCA-XXSD-NB00-0000,Dec Weekday HS15,All
NBT00,generation,Dec,Weekday,16,0.090853,USCA-XXSD-NB00-0000,Dec Weekday HS16,All
NBT00,generation,Dec,Weekday,17,0.09562,USCA-XXSD-NB00-0000,Dec Weekday HS17,All
NBT00,generation,Dec,Weekday,18,0.094919,USCA-XXSD-NB00-0000,Dec Weekday HS18,All
NBT00,generation,Dec,Weekday,19,0.087955,USCA-XXSD-NB00-0000,Dec Weekday HS19,All
NBT00,generation,Dec,Weekday,20,0.086725,USCA-XXSD-NB00-0000,Dec Weekday HS20,All
NBT00,generation,Dec,Weekday,21,0.086318,USCA-XXSD-NB00-0000,Dec Weekday HS21,All
NBT00,generation,Dec,Weekday,22,0.087826,USCA-XXSD-NB00-0000,Dec Weekday HS22,All
NBT00,generation,Dec,Weekday,23,0.088102,USCA-XXSD-NB00-0000,Dec Weekday HS23,All
NBT00,generation,Dec,Weekend,0,0.078906,USCA-XXSD-NB00-0000,Dec Weekend HS0,All
NBT00,generation,Dec,Weekend,1,0.077335,USCA-XXSD-NB00-0000,Dec Weekend HS1,All
NBT00,generation,Dec,Weekend,2,0.073816,USCA-XXSD-NB00-0000,Dec Weekend HS2,All
NBT00,generation,Dec,Weekend,3,0.070099,USCA-XXSD-NB00-0000,Dec Weekend HS3,All
NBT00,generation,Dec,Weekend,4,0.069142,USCA-XXSD-NB00-0000,Dec Weekend HS4,All
NBT00,generation,Dec,Weekend,5,0.071054,USCA-XXSD-NB00-0000,Dec Weekend HS5,All
NBT00,generation,Dec,Weekend,6,0.074064,USCA-XXSD-NB00-0000,Dec Weekend HS6,All
NBT00,generation,Dec,Weekend,7,0.064258,USCA-XXSD-NB00-0000,Dec Weekend HS7,All
NBT00,generation,Dec,Weekend,8,0.042021,USCA-XXSD-NB00-0000,Dec Weekend HS8,All
NBT00,generation,Dec,Weekend,9,0.021927,USCA-XXSD-NB00-0000,Dec Weekend HS9,All
NBT00,generation,Dec,Weekend,10,0.020791,USCA-XXSD-NB00-0000,Dec Weekend HS10,All
NBT00,generation,Dec,Weekend,11,0.018929,USCA-XXSD-NB00-0000,Dec Weekend HS11,All
NBT00,generation,Dec,Weekend,12,0.020144,USCA-XXSD-NB00-0000,Dec Weekend HS12,All
NBT00,generation,Dec,Weekend,13,0.014489,USCA-XXSD-NB00-0000,Dec Weekend HS13,All
NBT00,generation,Dec,Weekend,14,0.01388,USCA-XXSD-NB00-0000,Dec Weekend HS14,All
NBT00,generation,Dec,Weekend,15,0.04013,USCA-XXSD-NB00-0000,Dec Weekend HS15,All
NBT00,generation,Dec,Weekend,16,0.080371,USCA-XXSD-NB00-0000,Dec Weekend HS16,All
NBT00,generation,Dec,Weekend,17,0.085522,USCA-XXSD-NB00-0000,Dec Weekend HS17,All
NBT00,generation,Dec,Weekend,18,0.083405,USCA-XXSD-NB00-0000,Dec Weekend HS18,All
NBT00,generation,Dec,Weekend,19,0.079338,USCA-XXSD-NB00-0000,Dec Weekend HS19,All
NBT00,generation,Dec,Weekend,20,0.07815,USCA-XXSD-NB00-0000,Dec Weekend HS20,All
NBT00,generation,Dec,Weekend,21,0.073548,USCA-XXSD-NB00-0000,Dec Weekend HS21,All
NBT00,generation,Dec,Weekend,22,0.074825,USCA-XXSD-NB00-0000,Dec Weekend HS22,All
NBT00,generation,Dec,Weekend,23,0.073798,USCA-XXSD-NB00-0000,Dec Weekend HS23,All
NBT26,delivery,Jan,Weekday,0,0.000812,USCA-SDXX-NB26-0000,Jan Weekday HS0,All
NBT26,delivery,Jan,Weekday,1,0.000793,USCA-SDXX-NB26-0000,Jan Weekday HS1,All
NBT26,delivery,Jan,Weekday,2,0.000772,USCA-SDXX-NB26-0000,Jan Weekday HS2,All
NBT26,delivery,Jan,Weekday,3,0.000767,USCA-SDXX-NB26-0000,Jan Weekday HS3,All
NBT26,delivery,Jan,Weekday,4,0.000787,USCA-SDXX-NB26-0000,Jan Weekday HS4,All
NBT26,delivery,Jan,Weekday,5,0.00082,USCA-SDXX-NB26-0000,Jan Weekday HS5,All
NBT26,delivery,Jan,Weekday,6,0.000821,USCA-SDXX-NB26-0000,Jan Weekday HS6,All
NBT26,delivery,Jan,Weekday,7,0.000778,USCA-SDXX-NB26-0000,Jan Weekday HS7,All
NBT26,delivery,Jan,Weekday,8,0.000668,USCA-SDXX-NB26-0000,Jan Weekday HS8,All
NBT26,delivery,Jan,Weekday,9,0.000595,USCA-SDXX-NB26-0000,Jan Weekday HS9,All
NBT26,delivery,Jan,Weekday,10,0.00058,USCA-SDXX-NB26-0000,Jan Weekday HS10,All
NBT26,delivery,Jan,Weekday,11,0.000573,USCA-SDXX-NB26-0000,Jan Weekday HS11,All
NBT26,delivery,Jan,Weekday,12,0.000573,USCA-SDXX-NB26-0000,Jan Weekday HS12,All
NBT26,delivery,Jan,Weekday,13,0.000548,USCA-SDXX-NB26-0000,Jan Weekday HS13,All
NBT26,delivery,Jan,Weekday,14,0.000539,USCA-SDXX-NB26-0000,Jan Weekday HS14,All
NBT26,delivery,Jan,Weekday,15,0.000557,USCA-SDXX-NB26-0000,Jan Weekday HS15,All
NBT26,delivery,Jan,Weekday,16,0.000713,USCA-SDXX-NB26-0000,Jan Weekday HS16,All
NBT26,delivery,Jan,Weekday,17,0.001596,USCA-SDXX-NB26-0000,Jan Weekday HS17,All
NBT26,delivery,Jan,Weekday,18,0.001644,USCA-SDXX-NB26-0000,Jan Weekday HS18,All
NBT26,delivery,Jan,Weekday,19,0.001458,USCA-SDXX-NB26-0000,Jan Weekday HS19,All
NBT26,delivery,Jan,Weekday,20,0.001452,USCA-SDXX-NB26-0000,Jan Weekday HS20,All
NBT26,delivery,Jan,Weekday,21,0.001439,USCA-SDXX-NB26-0000,Jan Weekday HS21,All
NBT26,delivery,Jan,Weekday,22,0.001457,USCA-SDXX-NB26-0000,Jan Weekday HS22,All
NBT26,delivery,Jan,Weekday,23,0.001411,USCA-SDXX-NB26-0000,Jan Weekday HS23,All
NBT26,delivery,Jan,Weekend,0,0.000804,USCA-SDXX-NB26-0000,Jan Weekend HS0,All
NBT26,delivery,Jan,Weekend,1,0.00081,USCA-SDXX-NB26-0000,Jan Weekend HS1,All
NBT26,delivery,Jan,Weekend,2,0.000792,USCA-SDXX-NB26-0000,Jan Weekend HS2,All
NBT26,delivery,Jan,Weekend,3,0.00078,USCA-SDXX-NB26-0000,Jan Weekend HS3,All
NBT26,delivery,Jan,Weekend,4,0.00077,USCA-SDXX-NB26-0000,Jan Weekend HS4,All
NBT26,delivery,Jan,Weekend,5,0.00078,USCA-SDXX-NB26-0000,Jan Weekend HS5,All
NBT26,delivery,Jan,Weekend,6,0.000804,USCA-SDXX-NB26-0000,Jan Weekend HS6,All
NBT26,delivery,Jan,Weekend,7,0.000727,USCA-SDXX-NB26-0000,Jan Weekend HS7,All
NBT26,delivery,Jan,Weekend,8,0.000598,USCA-SDXX-NB26-0000,Jan Weekend HS8,All
NBT26,delivery,Jan,Weekend,9,0.000509,USCA-SDXX-NB26-0000,Jan Weekend HS9,All
NBT26,delivery,Jan,Weekend,10,0.000493,USCA-SDXX-NB26-0000,Jan Weekend HS10,All
NBT26,delivery,Jan,Weekend,11,0.000481,USCA-SDXX-NB26-0000,Jan Weekend HS11,All
NBT26,delivery,Jan,Weekend,12,0.000485,USCA-SDXX-NB26-0000,Jan Weekend HS12,All
NBT26,delivery,Jan,Weekend,13,0.000438,USCA-SDXX-NB26-0000,Jan Weekend HS13,All
NBT26,delivery,Jan,Weekend,14,0.000476,USCA-SDXX-NB26-0000,Jan Weekend HS14,All
NBT26,delivery,Jan,Weekend,15,0.000493,USCA-SDXX-NB26-0000,Jan Weekend HS15,All
NBT26,delivery,Jan,Weekend,16,0.000722,USCA-SDXX-NB26-0000,Jan Weekend HS16,All
NBT26,delivery,Jan,Weekend,17,0.00095,USCA-SDXX-NB26-0000,Jan Weekend HS17,All
NBT26,delivery,Jan,Weekend,18,0.000854,USCA-SDXX-NB26-0000,Jan Weekend HS18,All
NBT26,delivery,Jan,Weekend,19,0.000793,USCA-SDXX-NB26-0000,Jan Weekend HS19,All
NBT26,delivery,Jan,Weekend,20,0.000783,USCA-SDXX-NB26-0000,Jan Weekend HS20,All
NBT26,delivery,Jan,Weekend,21,0.000776,USCA-SDXX-NB26-0000,Jan Weekend HS21,All
NBT26,delivery,Jan,Weekend,22,0.000807,USCA-SDXX-NB26-0000,Jan Weekend HS22,All
NBT26,delivery,Jan,Weekend,23,0.000777,USCA-SDXX-NB26-0000,Jan Weekend HS23,All
NBT26,delivery,Feb,Weekday,0,0.000817,USCA-SDXX-NB26-0000,Feb Weekday HS0,All
NBT26,delivery,Feb,Weekday,1,0.000794,USCA-SDXX-NB26-0000,Feb Weekday HS1,All
NBT26,delivery,Feb,Weekday,2,0.000811,USCA-SDXX-NB26-0000,Feb Weekday HS2,All
NBT26,delivery,Feb,Weekday,3,0.000812,USCA-SDXX-NB26-0000,Feb Weekday HS3,All
NBT26,delivery,Feb,Weekday,4,0.000831,USCA-SDXX-NB26-0000,Feb Weekday HS4,All
NBT26,delivery,Feb,Weekday,5,0.000816,USCA-SDXX-NB26-0000,Feb Weekday HS5,All
NBT26,delivery,Feb,Weekday,6,0.000783,USCA-SDXX-NB26-0000,Feb Weekday HS6,All
NBT26,delivery,Feb,Weekday,7,0.000753,USCA-SDXX-NB26-0000,Feb Weekday HS7,All
NBT26,delivery,Feb,Weekday,8,0.001328,USCA-SDXX-NB26-0000,Feb Weekday HS8,All
NBT26,delivery,Feb,Weekday,9,0.00048,USCA-SDXX-NB26-0000,Feb Weekday HS9,All
NBT26,delivery,Feb,Weekday,10,0.000454,USCA-SDXX-NB26-0000,Feb Weekday HS10,All
NBT26,delivery,Feb,Weekday,11,0.000436,USCA-SDXX-NB26-0000,Feb Weekday HS11,All
NBT26,delivery,Feb,Weekday,12,0.000405,USCA-SDXX-NB26-0000,Feb Weekday HS12,All
NBT26,delivery,Feb,Weekday,13,0.00036,USCA-SDXX-NB26-0000,Feb Weekday HS13,All
NBT26,delivery,Feb,Weekday,14,0.000301,USCA-SDXX-NB26-0000,Feb Weekday HS14,All
NBT26,delivery,Feb,Weekday,15,0.000284,USCA-SDXX-NB26-0000,Feb Weekday HS15,All
NBT26,delivery,Feb,Weekday,16,0.000598,USCA-SDXX-NB26-0000,Feb Weekday HS16,All
NBT26,delivery,Feb,Weekday,17,0.000997,USCA-SDXX-NB26-0000,Feb Weekday HS17,All
NBT26,delivery,Feb,Weekday,18,0.000853,USCA-SDXX-NB26-0000,Feb Weekday HS18,All
NBT26,delivery,Feb,Weekday,19,0.000801,USCA-SDXX-NB26-0000,Feb Weekday HS19,All
NBT26,delivery,Feb,Weekday,20,0.000805,USCA-SDXX-NB26-0000,Feb Weekday HS20,All
NBT26,delivery,Feb,Weekday,21,0.000778,USCA-SDXX-NB26-0000,Feb Weekday HS21,All
NBT26,delivery,Feb,Weekday,22,0.000845,USCA-SDXX-NB26-0000,Feb Weekday HS22,All
NBT26,delivery,Feb,Weekday,23,0.000809,USCA-SDXX-NB26-0000,Feb Weekday HS23,All
NBT26,delivery,Feb,Weekend,0,0.000784,USCA-SDXX-NB26-0000,Feb Weekend HS0,All
NBT26,delivery,Feb,Weekend,1,0.000794,USCA-SDXX-NB26-0000,Feb Weekend HS1,All
NBT26,delivery,Feb,Weekend,2,0.000781,USCA-SDXX-NB26-0000,Feb Weekend HS2,All
NBT26,delivery,Feb,Weekend,3,0.00078,USCA-SDXX-NB26-0000,Feb Weekend HS3,All
NBT26,delivery,Feb,Weekend,4,0.000771,USCA-SDXX-NB26-0000,Feb Weekend HS4,All
NBT26,delivery,Feb,Weekend,5,0.000769,USCA-SDXX-NB26-0000,Feb Weekend HS5,All
NBT26,delivery,Feb,Weekend,6,0.000734,USCA-SDXX-NB26-0000,Feb Weekend HS6,All
NBT26,delivery,Feb,Weekend,7,0.000648,USCA-SDXX-NB26-0000,Feb Weekend HS7,All
NBT26,delivery,Feb,Weekend,8,0.00044,USCA-SDXX-NB26-0000,Feb Weekend HS8,All
NBT26,delivery,Feb,Weekend,9,0.000245,USCA-SDXX-NB26-0000,Feb Weekend HS9,All
NBT26,delivery,Feb,Weekend,10,0.000246,USCA-SDXX-NB26-0000,Feb Weekend HS10,All
NBT26,delivery,Feb,Weekend,11,0.000223,USCA-SDXX-NB26-0000,Feb Weekend HS11,All
NBT26,delivery,Feb,Weekend,12,0.000223,USCA-SDXX-NB26-0000,Feb Weekend HS12,All
NBT26,delivery,Feb,Weekend,13,0.000201,USCA-SDXX-NB26-0000,Feb Weekend HS13,All
NBT26,delivery,Feb,Weekend,14,0.000198,USCA-SDXX-NB26-0000,Feb Weekend HS14,All
NBT26,delivery,Feb,Weekend,15,0.000174,USCA-SDXX-NB26-0000,Feb Weekend HS15,All
NBT26,delivery,Feb,Weekend,16,0.000525,USCA-SDXX-NB26-0000,Feb Weekend HS16,All
NBT26,delivery,Feb,Weekend,17,0.000909,USCA-SDXX-NB26-0000,Feb Weekend HS17,All
NBT26,delivery,Feb,Weekend,18,0.000934,USCA-SDXX-NB26-0000,Feb Weekend HS18,All
NBT26,delivery,Feb,Weekend,19,0.000826,USCA-SDXX-NB26-0000,Feb Weekend HS19,All
NBT26,delivery,Feb,Weekend,20,0.000798,USCA-SDXX-NB26-0000,Feb Weekend HS20,All
NBT26,delivery,Feb,Weekend,21,0.000769,USCA-SDXX-NB26-0000,Feb Weekend HS21,All
NBT26,delivery,Feb,Weekend,22,0.000778,USCA-SDXX-NB26-0000,Feb Weekend HS22,All
NBT26,delivery,Feb,Weekend,23,0.000841,USCA-SDXX-NB26-0000,Feb Weekend HS23,All
NBT26,delivery,Mar,Weekday,0,0.000723,USCA-SDXX-NB26-0000,Mar Weekday HS0,All
NBT26,delivery,Mar,Weekday,1,0.000688,USCA-SDXX-NB26-0000,Mar Weekday HS1,All
NBT26,delivery,Mar,Weekday,2,0.000649,USCA-SDXX-NB26-0000,Mar Weekday HS2,All
NBT26,delivery,Mar,Weekday,3,0.000643,USCA-SDXX-NB26-0000,Mar Weekday HS3,All
NBT26,delivery,Mar,Weekday,4,0.000655,USCA-SDXX-NB26-0000,Mar Weekday HS4,All
NBT26,delivery,Mar,Weekday,5,0.000686,USCA-SDXX-NB26-0000,Mar Weekday HS5,All
NBT26,delivery,Mar,Weekday,6,0.000708,USCA-SDXX-NB26-0000,Mar Weekday HS6,All
NBT26,delivery,Mar,Weekday,7,0.000639,USCA-SDXX-NB26-0000,Mar Weekday HS7,All
NBT26,delivery,Mar,Weekday,8,0.000452,USCA-SDXX-NB26-0000,Mar Weekday HS8,All
NBT26,delivery,Mar,Weekday,9,0.000207,USCA-SDXX-NB26-0000,Mar Weekday HS9,All
NBT26,delivery,Mar,Weekday,10,0.000162,USCA-SDXX-NB26-0000,Mar Weekday HS10,All
NBT26,delivery,Mar,Weekday,11,0.000151,USCA-SDXX-NB26-0000,Mar Weekday HS11,All
NBT26,delivery,Mar,Weekday,12,0.000154,USCA-SDXX-NB26-0000,Mar Weekday HS12,All
NBT26,delivery,Mar,Weekday,13,0.000115,USCA-SDXX-NB26-0000,Mar Weekday HS13,All
NBT26,delivery,Mar,Weekday,14,0.000101,USCA-SDXX-NB26-0000,Mar Weekday HS14,All
NBT26,delivery,Mar,Weekday,15,0.000113,USCA-SDXX-NB26-0000,Mar Weekday HS15,All
NBT26,delivery,Mar,Weekday,16,0.000221,USCA-SDXX-NB26-0000,Mar Weekday HS16,All
NBT26,delivery,Mar,Weekday,17,0.00055,USCA-SDXX-NB26-0000,Mar Weekday HS17,All
NBT26,delivery,Mar,Weekday,18,0.000796,USCA-SDXX-NB26-0000,Mar Weekday HS18,All
NBT26,delivery,Mar,Weekday,19,0.000785,USCA-SDXX-NB26-0000,Mar Weekday HS19,All
NBT26,delivery,Mar,Weekday,20,0.000736,USCA-SDXX-NB26-0000,Mar Weekday HS20,All
NBT26,delivery,Mar,Weekday,21,0.000708,USCA-SDXX-NB26-0000,Mar Weekday HS21,All
NBT26,delivery,Mar,Weekday,22,0.000668,USCA-SDXX-NB26-0000,Mar Weekday HS22,All
NBT26,delivery,Mar,Weekday,23,0.000684,USCA-SDXX-NB26-0000,Mar Weekday HS23,All
NBT26,delivery,Mar,Weekend,0,0.000655,USCA-SDXX-NB26-0000,Mar Weekend HS0,All
NBT26,delivery,Mar,Weekend,1,0.000668,USCA-SDXX-NB26-0000,Mar Weekend HS1,All
NBT26,delivery,Mar,Weekend,2,0.000681,USCA-SDXX-NB26-0000,Mar Weekend HS2,All
NBT26,delivery,Mar,Weekend,3,0.000696,USCA-SDXX-NB26-0000,Mar Weekend HS3,All
NBT26,delivery,Mar,Weekend,4,0.000686,USCA-SDXX-NB26-0000,Mar Weekend HS4,All
NBT26,delivery,Mar,Weekend,5,0.000686,USCA-SDXX-NB26-0000,Mar Weekend HS5,All
NBT26,delivery,Mar,Weekend,6,0.000661,USCA-SDXX-NB26-0000,Mar Weekend HS6,All
NBT26,delivery,Mar,Weekend,7,0.000596,USCA-SDXX-NB26-0000,Mar Weekend HS7,All
NBT26,delivery,Mar,Weekend,8,5.8e-05,USCA-SDXX-NB26-0000,Mar Weekend HS8,All
NBT26,delivery,Mar,Weekend,9,1.5e-05,USCA-SDXX-NB26-0000,Mar Weekend HS9,All
NBT26,delivery,Mar,Weekend,10,4e-05,USCA-SDXX-NB26-0000,Mar Weekend HS10,All
NBT26,delivery,Mar,Weekend,11,2.6e-05,USCA-SDXX-NB26-0000,Mar Weekend HS11,All
NBT26,delivery,Mar,Weekend,12,4e-06,USCA-SDXX-NB26-0000,Mar Weekend HS12,All
NBT26,delivery,Mar,Weekend,13,5e-06,USCA-SDXX-NB26-0000,Mar Weekend HS13,All
NBT26,delivery,Mar,Weekend,14,0.0,USCA-SDXX-NB26-0000,Mar Weekend HS14,All
NBT26,delivery,Mar,Weekend,15,3.5e-05,USCA-SDXX-NB26-0000,Mar Weekend HS15,All
NBT26,delivery,Mar,Weekend,16,0.000159,USCA-SDXX-NB26-0000,Mar Weekend HS16,All
NBT26,delivery,Mar,Weekend,17,0.000307,USCA-SDXX-NB26-0000,Mar Weekend HS17,All
NBT26,delivery,Mar,Weekend,18,0.000693,USCA-SDXX-NB26-0000,Mar Weekend HS18,All
NBT26,delivery,Mar,Weekend,19,0.000719,USCA-SDXX-NB26-0000,Mar Weekend HS19,All
NBT26,delivery,Mar,Weekend,20,0.000695,USCA-SDXX-NB26-0000,Mar Weekend HS20,All
NBT26,delivery,Mar,Weekend,21,0.000691,USCA-SDXX-NB26-0000,Mar Weekend HS21,All
NBT26,delivery,Mar,Weekend,22,0.000672,USCA-SDXX-NB26-0000,Mar Weekend HS22,All
NBT26,delivery,Mar,Weekend,23,0.000635,USCA-SDXX-NB26-0000,Mar Weekend HS23,All
NBT26,delivery,Apr,Weekday,0,0.000734,USCA-SDXX-NB26-0000,Apr Weekday HS0,All
NBT26,delivery,Apr,Weekday,1,0.000712,USCA-SDXX-NB26-0000,Apr Weekday HS1,All
NBT26,delivery,Apr,Weekday,2,0.000763,USCA-SDXX-NB26-0000,Apr Weekday HS2,All
NBT26,delivery,Apr,Weekday,3,0.000739,USCA-SDXX-NB26-0000,Apr Weekday HS3,All
NBT26,delivery,Apr,Weekday,4,0.000728,USCA-SDXX-NB26-0000,Apr Weekday HS4,All
NBT26,delivery,Apr,Weekday,5,0.000743,USCA-SDXX-NB26-0000,Apr Weekday HS5,All
NBT26,delivery,Apr,Weekday,6,0.000673,USCA-SDXX-NB26-0000,Apr Weekday HS6,All
NBT26,delivery,Apr,Weekday,7,0.000539,USCA-SDXX-NB26-0000,Apr Weekday HS7,All
NBT26,delivery,Apr,Weekday,8,0.00012,USCA-SDXX-NB26-0000,Apr Weekday HS8,All
NBT26,delivery,Apr,Weekday,9,4.5e-05,USCA-SDXX-NB26-0000,Apr Weekday HS9,All
NBT26,delivery,Apr,Weekday,10,7.3e-05,USCA-SDXX-NB26-0000,Apr Weekday HS10,All
NBT26,delivery,Apr,Weekday,11,6.4e-05,USCA-SDXX-NB26-0000,Apr Weekday HS11,All
NBT26,delivery,Apr,Weekday,12,3.7e-05,USCA-SDXX-NB26-0000,Apr Weekday HS12,All
NBT26,delivery,Apr,Weekday,13,1.3e-05,USCA-SDXX-NB26-0000,Apr Weekday HS13,All
NBT26,delivery,Apr,Weekday,14,5e-06,USCA-SDXX-NB26-0000,Apr Weekday HS14,All
NBT26,delivery,Apr,Weekday,15,1e-06,USCA-SDXX-NB26-0000,Apr Weekday HS15,All
NBT26,delivery,Apr,Weekday,16,7e-06,USCA-SDXX-NB26-0000,Apr Weekday HS16,All
NBT26,delivery,Apr,Weekday,17,4.3e-05,USCA-SDXX-NB26-0000,Apr Weekday HS17,All
NBT26,delivery,Apr,Weekday,18,0.000728,USCA-SDXX-NB26-0000,Apr Weekday HS18,All
NBT26,delivery,Apr,Weekday,19,0.000726,USCA-SDXX-NB26-0000,Apr Weekday HS19,All
NBT26,delivery,Apr,Weekday,20,0.000718,USCA-SDXX-NB26-0000,Apr Weekday HS20,All
NBT26,delivery,Apr,Weekday,21,0.000703,USCA-SDXX-NB26-0000,Apr Weekday HS21,All
NBT26,delivery,Apr,Weekday,22,0.000677,USCA-SDXX-NB26-0000,Apr Weekday HS22,All
NBT26,delivery,Apr,Weekday,23,0.00074,USCA-SDXX-NB26-0000,Apr Weekday HS23,All
NBT26,delivery,Apr,Weekend,0,0.000636,USCA-SDXX-NB26-0000,Apr Weekend HS0,All
NBT26,delivery,Apr,Weekend,1,0.000644,USCA-SDXX-NB26-0000,Apr Weekend HS1,All
NBT26,delivery,Apr,Weekend,2,0.000716,USCA-SDXX-NB26-0000,Apr Weekend HS2,All
NBT26,delivery,Apr,Weekend,3,0.000758,USCA-SDXX-NB26-0000,Apr Weekend HS3,All
NBT26,delivery,Apr,Weekend,4,0.000721,USCA-SDXX-NB26-0000,Apr Weekend HS4,All
NBT26,delivery,Apr,Weekend,5,0.000733,USCA-SDXX-NB26-0000,Apr Weekend HS5,All
NBT26,delivery,Apr,Weekend,6,0.000665,USCA-SDXX-NB26-0000,Apr Weekend HS6,All
NBT26,delivery,Apr,Weekend,7,0.000442,USCA-SDXX-NB26-0000,Apr Weekend HS7,All
NBT26,delivery,Apr,Weekend,8,1.2e-05,USCA-SDXX-NB26-0000,Apr Weekend HS8,All
NBT26,delivery,Apr,Weekend,9,1.3e-05,USCA-SDXX-NB26-0000,Apr Weekend HS9,All
NBT26,delivery,Apr,Weekend,10,7.1e-05,USCA-SDXX-NB26-0000,Apr Weekend HS10,All
NBT26,delivery,Apr,Weekend,11,4.1e-05,USCA-SDXX-NB26-0000,Apr Weekend HS11,All
NBT26,delivery,Apr,Weekend,12,6e-06,USCA-SDXX-NB26-0000,Apr Weekend HS12,All
NBT26,delivery,Apr,Weekend,13,0.0,USCA-SDXX-NB26-0000,Apr Weekend HS13,All
NBT26,delivery,Apr,Weekend,14,0.0,USCA-SDXX-NB26-0000,Apr Weekend HS14,All
NBT26,delivery,Apr,Weekend,15,0.0,USCA-SDXX-NB26-0000,Apr Weekend HS15,All
NBT26,delivery,Apr,Weekend,16,0.0,USCA-SDXX-NB26-0000,Apr Weekend HS16,All
NBT26,delivery,Apr,Weekend,17,2.4e-05,USCA-SDXX-NB26-0000,Apr Weekend HS17,All
NBT26,delivery,Apr,Weekend,18,0.000678,USCA-SDXX-NB26-0000,Apr Weekend HS18,All
NBT26,delivery,Apr,Weekend,19,0.000777,USCA-SDXX-NB26-0000,Apr Weekend HS19,All
NBT26,delivery,Apr,Weekend,20,0.000658,USCA-SDXX-NB26-0000,Apr Weekend HS20,All
NBT26,delivery,Apr,Weekend,21,0.000667,USCA-SDXX-NB26-0000,Apr Weekend HS21,All
NBT26,delivery,Apr,Weekend,22,0.000653,USCA-SDXX-NB26-0000,Apr Weekend HS22,All
NBT26,delivery,Apr,Weekend,23,0.000674,USCA-SDXX-NB26-0000,Apr Weekend HS23,All
NBT26,delivery,May,Weekday,0,0.000747,USCA-SDXX-NB26-0000,May Weekday HS0,All
NBT26,delivery,May,Weekday,1,0.000707,USCA-SDXX-NB26-0000,May Weekday HS1,All
NBT26,delivery,May,Weekday,2,0.000731,USCA-SDXX-NB26-0000,May Weekday HS2,All
NBT26,delivery,May,Weekday,3,0.000774,USCA-SDXX-NB26-0000,May Weekday HS3,All
NBT26,delivery,May,Weekday,4,0.000778,USCA-SDXX-NB26-0000,May Weekday HS4,All
NBT26,delivery,May,Weekday,5,0.000715,USCA-SDXX-NB26-0000,May Weekday HS5,All
NBT26,delivery,May,Weekday,6,0.000636,USCA-SDXX-NB26-0000,May Weekday HS6,All
NBT26,delivery,May,Weekday,7,0.000597,USCA-SDXX-NB26-0000,May Weekday HS7,All
NBT26,delivery,May,Weekday,8,0.000215,USCA-SDXX-NB26-0000,May Weekday HS8,All
NBT26,delivery,May,Weekday,9,0.000109,USCA-SDXX-NB26-0000,May Weekday HS9,All
NBT26,delivery,May,Weekday,10,0.000119,USCA-SDXX-NB26-0000,May Weekday HS10,All
NBT26,delivery,May,Weekday,11,8.9e-05,USCA-SDXX-NB26-0000,May Weekday HS11,All
NBT26,delivery,May,Weekday,12,8.5e-05,USCA-SDXX-NB26-0000,May Weekday HS12,All
NBT26,delivery,May,Weekday,13,9.7e-05,USCA-SDXX-NB26-0000,May Weekday HS13,All
NBT26,delivery,May,Weekday,14,8.3e-05,USCA-SDXX-NB26-0000,May Weekday HS14,All
NBT26,delivery,May,Weekday,15,8e-05,USCA-SDXX-NB26-0000,May Weekday HS15,All
NBT26,delivery,May,Weekday,16,0.000107,USCA-SDXX-NB26-0000,May Weekday HS16,All
NBT26,delivery,May,Weekday,17,0.000308,USCA-SDXX-NB26-0000,May Weekday HS17,All
NBT26,delivery,May,Weekday,18,0.000778,USCA-SDXX-NB26-0000,May Weekday HS18,All
NBT26,delivery,May,Weekday,19,0.00083,USCA-SDXX-NB26-0000,May Weekday HS19,All
NBT26,delivery,May,Weekday,20,0.000723,USCA-SDXX-NB26-0000,May Weekday HS20,All
NBT26,delivery,May,Weekday,21,0.000708,USCA-SDXX-NB26-0000,May Weekday HS21,All
NBT26,delivery,May,Weekday,22,0.000721,USCA-SDXX-NB26-0000,May Weekday HS22,All
NBT26,delivery,May,Weekday,23,0.000732,USCA-SDXX-NB26-0000,May Weekday HS23,All
NBT26,delivery,May,Weekend,0,0.00066,USCA-SDXX-NB26-0000,May Weekend HS0,All
NBT26,delivery,May,Weekend,1,0.000676,USCA-SDXX-NB26-0000,May Weekend HS1,All
NBT26,delivery,May,Weekend,2,0.000773,USCA-SDXX-NB26-0000,May Weekend HS2,All
NBT26,delivery,May,Weekend,3,0.000785,USCA-SDXX-NB26-0000,May Weekend HS3,All
NBT26,delivery,May,Weekend,4,0.000736,USCA-SDXX-NB26-0000,May Weekend HS4,All
NBT26,delivery,May,Weekend,5,0.000672,USCA-SDXX-NB26-0000,May Weekend HS5,All
NBT26,delivery,May,Weekend,6,0.000652,USCA-SDXX-NB26-0000,May Weekend HS6,All
NBT26,delivery,May,Weekend,7,0.000308,USCA-SDXX-NB26-0000,May Weekend HS7,All
NBT26,delivery,May,Weekend,8,1.3e-05,USCA-SDXX-NB26-0000,May Weekend HS8,All
NBT26,delivery,May,Weekend,9,3.7e-05,USCA-SDXX-NB26-0000,May Weekend HS9,All
NBT26,delivery,May,Weekend,10,3.5e-05,USCA-SDXX-NB26-0000,May Weekend HS10,All
NBT26,delivery,May,Weekend,11,4.2e-05,USCA-SDXX-NB26-0000,May Weekend HS11,All
NBT26,delivery,May,Weekend,12,4e-05,USCA-SDXX-NB26-0000,May Weekend HS12,All
NBT26,delivery,May,Weekend,13,3.5e-05,USCA-SDXX-NB26-0000,May Weekend HS13,All
NBT26,delivery,May,Weekend,14,0.0,USCA-SDXX-NB26-0000,May Weekend HS14,All
NBT26,delivery,May,Weekend,15,0.0,USCA-SDXX-NB26-0000,May Weekend HS15,All
NBT26,delivery,May,Weekend,16,0.0,USCA-SDXX-NB26-0000,May Weekend HS16,All
NBT26,delivery,May,Weekend,17,3e-06,USCA-SDXX-NB26-0000,May Weekend HS17,All
NBT26,delivery,May,Weekend,18,0.000552,USCA-SDXX-NB26-0000,May Weekend HS18,All
NBT26,delivery,May,Weekend,19,0.000812,USCA-SDXX-NB26-0000,May Weekend HS19,All
NBT26,delivery,May,Weekend,20,0.000742,USCA-SDXX-NB26-0000,May Weekend HS20,All
NBT26,delivery,May,Weekend,21,0.00072,USCA-SDXX-NB26-0000,May Weekend HS21,All
NBT26,delivery,May,Weekend,22,0.000719,USCA-SDXX-NB26-0000,May Weekend HS22,All
NBT26,delivery,May,Weekend,23,0.000734,USCA-SDXX-NB26-0000,May Weekend HS23,All
NBT26,delivery,Jun,Weekday,0,0.000841,USCA-SDXX-NB26-0000,Jun Weekday HS0,All
NBT26,delivery,Jun,Weekday,1,0.000703,USCA-SDXX-NB26-0000,Jun Weekday HS1,All
NBT26,delivery,Jun,Weekday,2,0.000673,USCA-SDXX-NB26-0000,Jun Weekday HS2,All
NBT26,delivery,Jun,Weekday,3,0.000705,USCA-SDXX-NB26-0000,Jun Weekday HS3,All
NBT26,delivery,Jun,Weekday,4,0.000682,USCA-SDXX-NB26-0000,Jun Weekday HS4,All
NBT26,delivery,Jun,Weekday,5,0.000672,USCA-SDXX-NB26-0000,Jun Weekday HS5,All
NBT26,delivery,Jun,Weekday,6,0.000635,USCA-SDXX-NB26-0000,Jun Weekday HS6,All
NBT26,delivery,Jun,Weekday,7,0.000579,USCA-SDXX-NB26-0000,Jun Weekday HS7,All
NBT26,delivery,Jun,Weekday,8,0.0004,USCA-SDXX-NB26-0000,Jun Weekday HS8,All
NBT26,delivery,Jun,Weekday,9,0.000333,USCA-SDXX-NB26-0000,Jun Weekday HS9,All
NBT26,delivery,Jun,Weekday,10,0.000313,USCA-SDXX-NB26-0000,Jun Weekday HS10,All
NBT26,delivery,Jun,Weekday,11,0.000269,USCA-SDXX-NB26-0000,Jun Weekday HS11,All
NBT26,delivery,Jun,Weekday,12,0.000265,USCA-SDXX-NB26-0000,Jun Weekday HS12,All
NBT26,delivery,Jun,Weekday,13,0.000274,USCA-SDXX-NB26-0000,Jun Weekday HS13,All
NBT26,delivery,Jun,Weekday,14,0.000315,USCA-SDXX-NB26-0000,Jun Weekday HS14,All
NBT26,delivery,Jun,Weekday,15,0.000262,USCA-SDXX-NB26-0000,Jun Weekday HS15,All
NBT26,delivery,Jun,Weekday,16,0.000294,USCA-SDXX-NB26-0000,Jun Weekday HS16,All
NBT26,delivery,Jun,Weekday,17,0.000984,USCA-SDXX-NB26-0000,Jun Weekday HS17,All
NBT26,delivery,Jun,Weekday,18,0.00147,USCA-SDXX-NB26-0000,Jun Weekday HS18,All
NBT26,delivery,Jun,Weekday,19,0.002323,USCA-SDXX-NB26-0000,Jun Weekday HS19,All
NBT26,delivery,Jun,Weekday,20,0.001542,USCA-SDXX-NB26-0000,Jun Weekday HS20,All
NBT26,delivery,Jun,Weekday,21,0.000896,USCA-SDXX-NB26-0000,Jun Weekday HS21,All
NBT26,delivery,Jun,Weekday,22,0.001213,USCA-SDXX-NB26-0000,Jun Weekday HS22,All
NBT26,delivery,Jun,Weekday,23,0.000798,USCA-SDXX-NB26-0000,Jun Weekday HS23,All
NBT26,delivery,Jun,Weekend,0,0.000685,USCA-SDXX-NB26-0000,Jun Weekend HS0,All
NBT26,delivery,Jun,Weekend,1,0.000664,USCA-SDXX-NB26-0000,Jun Weekend HS1,All
NBT26,delivery,Jun,Weekend,2,0.000664,USCA-SDXX-NB26-0000,Jun Weekend HS2,All
NBT26,delivery,Jun,Weekend,3,0.000668,USCA-SDXX-NB26-0000,Jun Weekend HS3,All
NBT26,delivery,Jun,Weekend,4,0.000641,USCA-SDXX-NB26-0000,Jun Weekend HS4,All
NBT26,delivery,Jun,Weekend,5,0.000718,USCA-SDXX-NB26-0000,Jun Weekend HS5,All
NBT26,delivery,Jun,Weekend,6,0.000663,USCA-SDXX-NB26-0000,Jun Weekend HS6,All
NBT26,delivery,Jun,Weekend,7,0.000546,USCA-SDXX-NB26-0000,Jun Weekend HS7,All
NBT26,delivery,Jun,Weekend,8,0.000165,USCA-SDXX-NB26-0000,Jun Weekend HS8,All
NBT26,delivery,Jun,Weekend,9,0.000118,USCA-SDXX-NB26-0000,Jun Weekend HS9,All
NBT26,delivery,Jun,Weekend,10,0.000161,USCA-SDXX-NB26-0000,Jun Weekend HS10,All
NBT26,delivery,Jun,Weekend,11,0.0001,USCA-SDXX-NB26-0000,Jun Weekend HS11,All
NBT26,delivery,Jun,Weekend,12,0.000111,USCA-SDXX-NB26-0000,Jun Weekend HS12,All
NBT26,delivery,Jun,Weekend,13,6.4e-05,USCA-SDXX-NB26-0000,Jun Weekend HS13,All
NBT26,delivery,Jun,Weekend,14,8.2e-05,USCA-SDXX-NB26-0000,Jun Weekend HS14,All
NBT26,delivery,Jun,Weekend,15,8.4e-05,USCA-SDXX-NB26-0000,Jun Weekend HS15,All
NBT26,delivery,Jun,Weekend,16,9.1e-05,USCA-SDXX-NB26-0000,Jun Weekend HS16,All
NBT26,delivery,Jun,Weekend,17,0.000196,USCA-SDXX-NB26-0000,Jun Weekend HS17,All
NBT26,delivery,Jun,Weekend,18,0.000674,USCA-SDXX-NB26-0000,Jun Weekend HS18,All
NBT26,delivery,Jun,Weekend,19,0.000902,USCA-SDXX-NB26-0000,Jun Weekend HS19,All
NBT26,delivery,Jun,Weekend,20,0.00078,USCA-SDXX-NB26-0000,Jun Weekend HS20,All
NBT26,delivery,Jun,Weekend,21,0.000739,USCA-SDXX-NB26-0000,Jun Weekend HS21,All
NBT26,delivery,Jun,Weekend,22,0.000733,USCA-SDXX-NB26-0000,Jun Weekend HS22,All
NBT26,delivery,Jun,Weekend,23,0.000694,USCA-SDXX-NB26-0000,Jun Weekend HS23,All
NBT26,delivery,Jul,Weekday,0,0.001408,USCA-SDXX-NB26-0000,Jul Weekday HS0,All
NBT26,delivery,Jul,Weekday,1,0.001519,USCA-SDXX-NB26-0000,Jul Weekday HS1,All
NBT26,delivery,Jul,Weekday,2,0.001362,USCA-SDXX-NB26-0000,Jul Weekday HS2,All
NBT26,delivery,Jul,Weekday,3,0.001128,USCA-SDXX-NB26-0000,Jul Weekday HS3,All
NBT26,delivery,Jul,Weekday,4,0.000649,USCA-SDXX-NB26-0000,Jul Weekday HS4,All
NBT26,delivery,Jul,Weekday,5,0.000648,USCA-SDXX-NB26-0000,Jul Weekday HS5,All
NBT26,delivery,Jul,Weekday,6,0.000678,USCA-SDXX-NB26-0000,Jul Weekday HS6,All
NBT26,delivery,Jul,Weekday,7,0.000645,USCA-SDXX-NB26-0000,Jul Weekday HS7,All
NBT26,delivery,Jul,Weekday,8,0.000613,USCA-SDXX-NB26-0000,Jul Weekday HS8,All
NBT26,delivery,Jul,Weekday,9,0.000663,USCA-SDXX-NB26-0000,Jul Weekday HS9,All
NBT26,delivery,Jul,Weekday,10,0.000673,USCA-SDXX-NB26-0000,Jul Weekday HS10,All
NBT26,delivery,Jul,Weekday,11,0.000536,USCA-SDXX-NB26-0000,Jul Weekday HS11,All
NBT26,delivery,Jul,Weekday,12,0.000495,USCA-SDXX-NB26-0000,Jul Weekday HS12,All
NBT26,delivery,Jul,Weekday,13,0.000455,USCA-SDXX-NB26-0000,Jul Weekday HS13,All
NBT26,delivery,Jul,Weekday,14,0.000453,USCA-SDXX-NB26-0000,Jul Weekday HS14,All
NBT26,delivery,Jul,Weekday,15,0.000475,USCA-SDXX-NB26-0000,Jul Weekday HS15,All
NBT26,delivery,Jul,Weekday,16,0.106076,USCA-SDXX-NB26-0000,Jul Weekday HS16,All
NBT26,delivery,Jul,Weekday,17,0.218578,USCA-SDXX-NB26-0000,Jul Weekday HS17,All
NBT26,delivery,Jul,Weekday,18,0.228001,USCA-SDXX-NB26-0000,Jul Weekday HS18,All
NBT26,delivery,Jul,Weekday,19,0.227326,USCA-SDXX-NB26-0000,Jul Weekday HS19,All
NBT26,delivery,Jul,Weekday,20,0.114117,USCA-SDXX-NB26-0000,Jul Weekday HS20,All
NBT26,delivery,Jul,Weekday,21,0.00324,USCA-SDXX-NB26-0000,Jul Weekday HS21,All
NBT26,delivery,Jul,Weekday,22,0.00253,USCA-SDXX-NB26-0000,Jul Weekday HS22,All
NBT26,delivery,Jul,Weekday,23,0.002101,USCA-SDXX-NB26-0000,Jul Weekday HS23,All
NBT26,delivery,Jul,Weekend,0,0.002006,USCA-SDXX-NB26-0000,Jul Weekend HS0,All
NBT26,delivery,Jul,Weekend,1,0.001184,USCA-SDXX-NB26-0000,Jul Weekend HS1,All
NBT26,delivery,Jul,Weekend,2,0.001149,USCA-SDXX-NB26-0000,Jul Weekend HS2,All
NBT26,delivery,Jul,Weekend,3,0.000903,USCA-SDXX-NB26-0000,Jul Weekend HS3,All
NBT26,delivery,Jul,Weekend,4,0.000644,USCA-SDXX-NB26-0000,Jul Weekend HS4,All
NBT26,delivery,Jul,Weekend,5,0.000651,USCA-SDXX-NB26-0000,Jul Weekend HS5,All
NBT26,delivery,Jul,Weekend,6,0.000616,USCA-SDXX-NB26-0000,Jul Weekend HS6,All
NBT26,delivery,Jul,Weekend,7,0.000588,USCA-SDXX-NB26-0000,Jul Weekend HS7,All
NBT26,delivery,Jul,Weekend,8,0.00023,USCA-SDXX-NB26-0000,Jul Weekend HS8,All
NBT26,delivery,Jul,Weekend,9,0.000227,USCA-SDXX-NB26-0000,Jul Weekend HS9,All
NBT26,delivery,Jul,Weekend,10,0.000247,USCA-SDXX-NB26-0000,Jul Weekend HS10,All
NBT26,delivery,Jul,Weekend,11,0.000206,USCA-SDXX-NB26-0000,Jul Weekend HS11,All
NBT26,delivery,Jul,Weekend,12,0.000229,USCA-SDXX-NB26-0000,Jul Weekend HS12,All
NBT26,delivery,Jul,Weekend,13,0.000242,USCA-SDXX-NB26-0000,Jul Weekend HS13,All
NBT26,delivery,Jul,Weekend,14,0.000187,USCA-SDXX-NB26-0000,Jul Weekend HS14,All
NBT26,delivery,Jul,Weekend,15,0.000223,USCA-SDXX-NB26-0000,Jul Weekend HS15,All
NBT26,delivery,Jul,Weekend,16,0.000224,USCA-SDXX-NB26-0000,Jul Weekend HS16,All
NBT26,delivery,Jul,Weekend,17,0.000654,USCA-SDXX-NB26-0000,Jul Weekend HS17,All
NBT26,delivery,Jul,Weekend,18,0.004694,USCA-SDXX-NB26-0000,Jul Weekend HS18,All
NBT26,delivery,Jul,Weekend,19,0.007031,USCA-SDXX-NB26-0000,Jul Weekend HS19,All
NBT26,delivery,Jul,Weekend,20,0.005751,USCA-SDXX-NB26-0000,Jul Weekend HS20,All
NBT26,delivery,Jul,Weekend,21,0.003066,USCA-SDXX-NB26-0000,Jul Weekend HS21,All
NBT26,delivery,Jul,Weekend,22,0.002172,USCA-SDXX-NB26-0000,Jul Weekend HS22,All
NBT26,delivery,Jul,Weekend,23,0.001781,USCA-SDXX-NB26-0000,Jul Weekend HS23,All
NBT26,delivery,Aug,Weekday,0,0.001585,USCA-SDXX-NB26-0000,Aug Weekday HS0,All
NBT26,delivery,Aug,Weekday,1,0.001171,USCA-SDXX-NB26-0000,Aug Weekday HS1,All
NBT26,delivery,Aug,Weekday,2,0.001034,USCA-SDXX-NB26-0000,Aug Weekday HS2,All
NBT26,delivery,Aug,Weekday,3,0.00079,USCA-SDXX-NB26-0000,Aug Weekday HS3,All
NBT26,delivery,Aug,Weekday,4,0.000786,USCA-SDXX-NB26-0000,Aug Weekday HS4,All
NBT26,delivery,Aug,Weekday,5,0.00079,USCA-SDXX-NB26-0000,Aug Weekday HS5,All
NBT26,delivery,Aug,Weekday,6,0.00075,USCA-SDXX-NB26-0000,Aug Weekday HS6,All
NBT26,delivery,Aug,Weekday,7,0.00067,USCA-SDXX-NB26-0000,Aug Weekday HS7,All
NBT26,delivery,Aug,Weekday,8,0.000606,USCA-SDXX-NB26-0000,Aug Weekday HS8,All
NBT26,delivery,Aug,Weekday,9,0.000595,USCA-SDXX-NB26-0000,Aug Weekday HS9,All
NBT26,delivery,Aug,Weekday,10,0.000592,USCA-SDXX-NB26-0000,Aug Weekday HS10,All
NBT26,delivery,Aug,Weekday,11,0.000587,USCA-SDXX-NB26-0000,Aug Weekday HS11,All
NBT26,delivery,Aug,Weekday,12,0.000586,USCA-SDXX-NB26-0000,Aug Weekday HS12,All
NBT26,delivery,Aug,Weekday,13,0.000584,USCA-SDXX-NB26-0000,Aug Weekday HS13,All
NBT26,delivery,Aug,Weekday,14,0.000587,USCA-SDXX-NB26-0000,Aug Weekday HS14,All
NBT26,delivery,Aug,Weekday,15,0.000608,USCA-SDXX-NB26-0000,Aug Weekday HS15,All
NBT26,delivery,Aug,Weekday,16,0.000786,USCA-SDXX-NB26-0000,Aug Weekday HS16,All
NBT26,delivery,Aug,Weekday,17,0.097765,USCA-SDXX-NB26-0000,Aug Weekday HS17,All
NBT26,delivery,Aug,Weekday,18,0.205757,USCA-SDXX-NB26-0000,Aug Weekday HS18,All
NBT26,delivery,Aug,Weekday,19,0.016682,USCA-SDXX-NB26-0000,Aug Weekday HS19,All
NBT26,delivery,Aug,Weekday,20,0.010681,USCA-SDXX-NB26-0000,Aug Weekday HS20,All
NBT26,delivery,Aug,Weekday,21,0.004701,USCA-SDXX-NB26-0000,Aug Weekday HS21,All
NBT26,delivery,Aug,Weekday,22,0.002743,USCA-SDXX-NB26-0000,Aug Weekday HS22,All
NBT26,delivery,Aug,Weekday,23,0.002191,USCA-SDXX-NB26-0000,Aug Weekday HS23,All
NBT26,delivery,Aug,Weekend,0,0.001732,USCA-SDXX-NB26-0000,Aug Weekend HS0,All
NBT26,delivery,Aug,Weekend,1,0.001425,USCA-SDXX-NB26-0000,Aug Weekend HS1,All
NBT26,delivery,Aug,Weekend,2,0.001139,USCA-SDXX-NB26-0000,Aug Weekend HS2,All
NBT26,delivery,Aug,Weekend,3,0.001063,USCA-SDXX-NB26-0000,Aug Weekend HS3,All
NBT26,delivery,Aug,Weekend,4,0.000741,USCA-SDXX-NB26-0000,Aug Weekend HS4,All
NBT26,delivery,Aug,Weekend,5,0.000741,USCA-SDXX-NB26-0000,Aug Weekend HS5,All
NBT26,delivery,Aug,Weekend,6,0.000678,USCA-SDXX-NB26-0000,Aug Weekend HS6,All
NBT26,delivery,Aug,Weekend,7,0.000577,USCA-SDXX-NB26-0000,Aug Weekend HS7,All
NBT26,delivery,Aug,Weekend,8,0.000404,USCA-SDXX-NB26-0000,Aug Weekend HS8,All
NBT26,delivery,Aug,Weekend,9,0.000369,USCA-SDXX-NB26-0000,Aug Weekend HS9,All
NBT26,delivery,Aug,Weekend,10,0.000365,USCA-SDXX-NB26-0000,Aug Weekend HS10,All
NBT26,delivery,Aug,Weekend,11,0.000366,USCA-SDXX-NB26-0000,Aug Weekend HS11,All
NBT26,delivery,Aug,Weekend,12,0.000334,USCA-SDXX-NB26-0000,Aug Weekend HS12,All
NBT26,delivery,Aug,Weekend,13,0.000331,USCA-SDXX-NB26-0000,Aug Weekend HS13,All
NBT26,delivery,Aug,Weekend,14,0.000641,USCA-SDXX-NB26-0000,Aug Weekend HS14,All
NBT26,delivery,Aug,Weekend,15,0.000387,USCA-SDXX-NB26-0000,Aug Weekend HS15,All
NBT26,delivery,Aug,Weekend,16,0.000438,USCA-SDXX-NB26-0000,Aug Weekend HS16,All
NBT26,delivery,Aug,Weekend,17,0.000627,USCA-SDXX-NB26-0000,Aug Weekend HS17,All
NBT26,delivery,Aug,Weekend,18,0.000991,USCA-SDXX-NB26-0000,Aug Weekend HS18,All
NBT26,delivery,Aug,Weekend,19,0.004957,USCA-SDXX-NB26-0000,Aug Weekend HS19,All
NBT26,delivery,Aug,Weekend,20,0.00376,USCA-SDXX-NB26-0000,Aug Weekend HS20,All
NBT26,delivery,Aug,Weekend,21,0.002177,USCA-SDXX-NB26-0000,Aug Weekend HS21,All
NBT26,delivery,Aug,Weekend,22,0.002876,USCA-SDXX-NB26-0000,Aug Weekend HS22,All
NBT26,delivery,Aug,Weekend,23,0.002132,USCA-SDXX-NB26-0000,Aug Weekend HS23,All
NBT26,delivery,Sep,Weekday,0,0.000862,USCA-SDXX-NB26-0000,Sep Weekday HS0,All
NBT26,delivery,Sep,Weekday,1,0.000842,USCA-SDXX-NB26-0000,Sep Weekday HS1,All
NBT26,delivery,Sep,Weekday,2,0.000827,USCA-SDXX-NB26-0000,Sep Weekday HS2,All
NBT26,delivery,Sep,Weekday,3,0.000792,USCA-SDXX-NB26-0000,Sep Weekday HS3,All
NBT26,delivery,Sep,Weekday,4,0.00078,USCA-SDXX-NB26-0000,Sep Weekday HS4,All
NBT26,delivery,Sep,Weekday,5,0.000808,USCA-SDXX-NB26-0000,Sep Weekday HS5,All
NBT26,delivery,Sep,Weekday,6,0.000783,USCA-SDXX-NB26-0000,Sep Weekday HS6,All
NBT26,delivery,Sep,Weekday,7,0.000655,USCA-SDXX-NB26-0000,Sep Weekday HS7,All
NBT26,delivery,Sep,Weekday,8,0.000585,USCA-SDXX-NB26-0000,Sep Weekday HS8,All
NBT26,delivery,Sep,Weekday,9,0.000546,USCA-SDXX-NB26-0000,Sep Weekday HS9,All
NBT26,delivery,Sep,Weekday,10,0.000527,USCA-SDXX-NB26-0000,Sep Weekday HS10,All
NBT26,delivery,Sep,Weekday,11,0.000524,USCA-SDXX-NB26-0000,Sep Weekday HS11,All
NBT26,delivery,Sep,Weekday,12,0.000523,USCA-SDXX-NB26-0000,Sep Weekday HS12,All
NBT26,delivery,Sep,Weekday,13,0.002023,USCA-SDXX-NB26-0000,Sep Weekday HS13,All
NBT26,delivery,Sep,Weekday,14,0.001999,USCA-SDXX-NB26-0000,Sep Weekday HS14,All
NBT26,delivery,Sep,Weekday,15,0.000493,USCA-SDXX-NB26-0000,Sep Weekday HS15,All
NBT26,delivery,Sep,Weekday,16,0.000575,USCA-SDXX-NB26-0000,Sep Weekday HS16,All
NBT26,delivery,Sep,Weekday,17,0.000788,USCA-SDXX-NB26-0000,Sep Weekday HS17,All
NBT26,delivery,Sep,Weekday,18,0.001126,USCA-SDXX-NB26-0000,Sep Weekday HS18,All
NBT26,delivery,Sep,Weekday,19,0.00122,USCA-SDXX-NB26-0000,Sep Weekday HS19,All
NBT26,delivery,Sep,Weekday,20,0.000938,USCA-SDXX-NB26-0000,Sep Weekday HS20,All
NBT26,delivery,Sep,Weekday,21,0.000864,USCA-SDXX-NB26-0000,Sep Weekday HS21,All
NBT26,delivery,Sep,Weekday,22,0.000987,USCA-SDXX-NB26-0000,Sep Weekday HS22,All
NBT26,delivery,Sep,Weekday,23,0.00089,USCA-SDXX-NB26-0000,Sep Weekday HS23,All
NBT26,delivery,Sep,Weekend,0,0.00099,USCA-SDXX-NB26-0000,Sep Weekend HS0,All
NBT26,delivery,Sep,Weekend,1,0.001007,USCA-SDXX-NB26-0000,Sep Weekend HS1,All
NBT26,delivery,Sep,Weekend,2,0.000987,USCA-SDXX-NB26-0000,Sep Weekend HS2,All
NBT26,delivery,Sep,Weekend,3,0.000735,USCA-SDXX-NB26-0000,Sep Weekend HS3,All
NBT26,delivery,Sep,Weekend,4,0.000726,USCA-SDXX-NB26-0000,Sep Weekend HS4,All
NBT26,delivery,Sep,Weekend,5,0.000725,USCA-SDXX-NB26-0000,Sep Weekend HS5,All
NBT26,delivery,Sep,Weekend,6,0.000705,USCA-SDXX-NB26-0000,Sep Weekend HS6,All
NBT26,delivery,Sep,Weekend,7,0.000579,USCA-SDXX-NB26-0000,Sep Weekend HS7,All
NBT26,delivery,Sep,Weekend,8,0.000341,USCA-SDXX-NB26-0000,Sep Weekend HS8,All
NBT26,delivery,Sep,Weekend,9,0.000219,USCA-SDXX-NB26-0000,Sep Weekend HS9,All
NBT26,delivery,Sep,Weekend,10,0.000189,USCA-SDXX-NB26-0000,Sep Weekend HS10,All
NBT26,delivery,Sep,Weekend,11,0.000183,USCA-SDXX-NB26-0000,Sep Weekend HS11,All
NBT26,delivery,Sep,Weekend,12,0.000156,USCA-SDXX-NB26-0000,Sep Weekend HS12,All
NBT26,delivery,Sep,Weekend,13,0.000175,USCA-SDXX-NB26-0000,Sep Weekend HS13,All
NBT26,delivery,Sep,Weekend,14,0.000215,USCA-SDXX-NB26-0000,Sep Weekend HS14,All
NBT26,delivery,Sep,Weekend,15,0.000241,USCA-SDXX-NB26-0000,Sep Weekend HS15,All
NBT26,delivery,Sep,Weekend,16,0.197694,USCA-SDXX-NB26-0000,Sep Weekend HS16,All
NBT26,delivery,Sep,Weekend,17,0.414199,USCA-SDXX-NB26-0000,Sep Weekend HS17,All
NBT26,delivery,Sep,Weekend,18,0.412148,USCA-SDXX-NB26-0000,Sep Weekend HS18,All
NBT26,delivery,Sep,Weekend,19,0.209425,USCA-SDXX-NB26-0000,Sep Weekend HS19,All
NBT26,delivery,Sep,Weekend,20,0.201186,USCA-SDXX-NB26-0000,Sep Weekend HS20,All
NBT26,delivery,Sep,Weekend,21,0.001515,USCA-SDXX-NB26-0000,Sep Weekend HS21,All
NBT26,delivery,Sep,Weekend,22,0.001575,USCA-SDXX-NB26-0000,Sep Weekend HS22,All
NBT26,delivery,Sep,Weekend,23,0.001313,USCA-SDXX-NB26-0000,Sep Weekend HS23,All
NBT26,delivery,Oct,Weekday,0,0.000834,USCA-SDXX-NB26-0000,Oct Weekday HS0,All
NBT26,delivery,Oct,Weekday,1,0.00084,USCA-SDXX-NB26-0000,Oct Weekday HS1,All
NBT26,delivery,Oct,Weekday,2,0.000807,USCA-SDXX-NB26-0000,Oct Weekday HS2,All
NBT26,delivery,Oct,Weekday,3,0.000767,USCA-SDXX-NB26-0000,Oct Weekday HS3,All
NBT26,delivery,Oct,Weekday,4,0.000767,USCA-SDXX-NB26-0000,Oct Weekday HS4,All
NBT26,delivery,Oct,Weekday,5,0.000767,USCA-SDXX-NB26-0000,Oct Weekday HS5,All
NBT26,delivery,Oct,Weekday,6,0.000809,USCA-SDXX-NB26-0000,Oct Weekday HS6,All
NBT26,delivery,Oct,Weekday,7,0.000711,USCA-SDXX-NB26-0000,Oct Weekday HS7,All
NBT26,delivery,Oct,Weekday,8,0.000613,USCA-SDXX-NB26-0000,Oct Weekday HS8,All
NBT26,delivery,Oct,Weekday,9,0.000557,USCA-SDXX-NB26-0000,Oct Weekday HS9,All
NBT26,delivery,Oct,Weekday,10,0.000546,USCA-SDXX-NB26-0000,Oct Weekday HS10,All
NBT26,delivery,Oct,Weekday,11,0.000529,USCA-SDXX-NB26-0000,Oct Weekday HS11,All
NBT26,delivery,Oct,Weekday,12,0.000522,USCA-SDXX-NB26-0000,Oct Weekday HS12,All
NBT26,delivery,Oct,Weekday,13,0.000516,USCA-SDXX-NB26-0000,Oct Weekday HS13,All
NBT26,delivery,Oct,Weekday,14,0.000512,USCA-SDXX-NB26-0000,Oct Weekday HS14,All
NBT26,delivery,Oct,Weekday,15,0.00051,USCA-SDXX-NB26-0000,Oct Weekday HS15,All
NBT26,delivery,Oct,Weekday,16,0.000566,USCA-SDXX-NB26-0000,Oct Weekday HS16,All
NBT26,delivery,Oct,Weekday,17,0.098596,USCA-SDXX-NB26-0000,Oct Weekday HS17,All
NBT26,delivery,Oct,Weekday,18,0.101085,USCA-SDXX-NB26-0000,Oct Weekday HS18,All
NBT26,delivery,Oct,Weekday,19,0.002131,USCA-SDXX-NB26-0000,Oct Weekday HS19,All
NBT26,delivery,Oct,Weekday,20,0.002088,USCA-SDXX-NB26-0000,Oct Weekday HS20,All
NBT26,delivery,Oct,Weekday,21,0.000787,USCA-SDXX-NB26-0000,Oct Weekday HS21,All
NBT26,delivery,Oct,Weekday,22,0.000851,USCA-SDXX-NB26-0000,Oct Weekday HS22,All
NBT26,delivery,Oct,Weekday,23,0.000859,USCA-SDXX-NB26-0000,Oct Weekday HS23,All
NBT26,delivery,Oct,Weekend,0,0.000761,USCA-SDXX-NB26-0000,Oct Weekend HS0,All
NBT26,delivery,Oct,Weekend,1,0.00077,USCA-SDXX-NB26-0000,Oct Weekend HS1,All
NBT26,delivery,Oct,Weekend,2,0.000736,USCA-SDXX-NB26-0000,Oct Weekend HS2,All
NBT26,delivery,Oct,Weekend,3,0.000743,USCA-SDXX-NB26-0000,Oct Weekend HS3,All
NBT26,delivery,Oct,Weekend,4,0.000727,USCA-SDXX-NB26-0000,Oct Weekend HS4,All
NBT26,delivery,Oct,Weekend,5,0.000719,USCA-SDXX-NB26-0000,Oct Weekend HS5,All
NBT26,delivery,Oct,Weekend,6,0.000696,USCA-SDXX-NB26-0000,Oct Weekend HS6,All
NBT26,delivery,Oct,Weekend,7,0.000626,USCA-SDXX-NB26-0000,Oct Weekend HS7,All
NBT26,delivery,Oct,Weekend,8,0.000413,USCA-SDXX-NB26-0000,Oct Weekend HS8,All
NBT26,delivery,Oct,Weekend,9,0.000199,USCA-SDXX-NB26-0000,Oct Weekend HS9,All
NBT26,delivery,Oct,Weekend,10,0.000196,USCA-SDXX-NB26-0000,Oct Weekend HS10,All
NBT26,delivery,Oct,Weekend,11,0.00019,USCA-SDXX-NB26-0000,Oct Weekend HS11,All
NBT26,delivery,Oct,Weekend,12,0.000188,USCA-SDXX-NB26-0000,Oct Weekend HS12,All
NBT26,delivery,Oct,Weekend,13,0.000179,USCA-SDXX-NB26-0000,Oct Weekend HS13,All
NBT26,delivery,Oct,Weekend,14,0.000194,USCA-SDXX-NB26-0000,Oct Weekend HS14,All
NBT26,delivery,Oct,Weekend,15,0.000206,USCA-SDXX-NB26-0000,Oct Weekend HS15,All
NBT26,delivery,Oct,Weekend,16,0.00036,USCA-SDXX-NB26-0000,Oct Weekend HS16,All
NBT26,delivery,Oct,Weekend,17,0.000766,USCA-SDXX-NB26-0000,Oct Weekend HS17,All
NBT26,delivery,Oct,Weekend,18,0.002634,USCA-SDXX-NB26-0000,Oct Weekend HS18,All
NBT26,delivery,Oct,Weekend,19,0.002311,USCA-SDXX-NB26-0000,Oct Weekend HS19,All
NBT26,delivery,Oct,Weekend,20,0.000765,USCA-SDXX-NB26-0000,Oct Weekend HS20,All
NBT26,delivery,Oct,Weekend,21,0.000742,USCA-SDXX-NB26-0000,Oct Weekend HS21,All
NBT26,delivery,Oct,Weekend,22,0.000859,USCA-SDXX-NB26-0000,Oct Weekend HS22,All
NBT26,delivery,Oct,Weekend,23,0.000803,USCA-SDXX-NB26-0000,Oct Weekend HS23,All
NBT26,delivery,Nov,Weekday,0,0.000785,USCA-SDXX-NB26-0000,Nov Weekday HS0,All
NBT26,delivery,Nov,Weekday,1,0.000772,USCA-SDXX-NB26-0000,Nov Weekday HS1,All
NBT26,delivery,Nov,Weekday,2,0.000756,USCA-SDXX-NB26-0000,Nov Weekday HS2,All
NBT26,delivery,Nov,Weekday,3,0.000746,USCA-SDXX-NB26-0000,Nov Weekday HS3,All
NBT26,delivery,Nov,Weekday,4,0.000785,USCA-SDXX-NB26-0000,Nov Weekday HS4,All
NBT26,delivery,Nov,Weekday,5,0.000801,USCA-SDXX-NB26-0000,Nov Weekday HS5,All
NBT26,delivery,Nov,Weekday,6,0.000768,USCA-SDXX-NB26-0000,Nov Weekday HS6,All
NBT26,delivery,Nov,Weekday,7,0.000675,USCA-SDXX-NB26-0000,Nov Weekday HS7,All
NBT26,delivery,Nov,Weekday,8,0.000581,USCA-SDXX-NB26-0000,Nov Weekday HS8,All
NBT26,delivery,Nov,Weekday,9,0.000556,USCA-SDXX-NB26-0000,Nov Weekday HS9,All
NBT26,delivery,Nov,Weekday,10,0.000535,USCA-SDXX-NB26-0000,Nov Weekday HS10,All
NBT26,delivery,Nov,Weekday,11,0.000513,USCA-SDXX-NB26-0000,Nov Weekday HS11,All
NBT26,delivery,Nov,Weekday,12,0.0005,USCA-SDXX-NB26-0000,Nov Weekday HS12,All
NBT26,delivery,Nov,Weekday,13,0.000442,USCA-SDXX-NB26-0000,Nov Weekday HS13,All
NBT26,delivery,Nov,Weekday,14,0.000455,USCA-SDXX-NB26-0000,Nov Weekday HS14,All
NBT26,delivery,Nov,Weekday,15,0.000592,USCA-SDXX-NB26-0000,Nov Weekday HS15,All
NBT26,delivery,Nov,Weekday,16,0.000846,USCA-SDXX-NB26-0000,Nov Weekday HS16,All
NBT26,delivery,Nov,Weekday,17,0.000868,USCA-SDXX-NB26-0000,Nov Weekday HS17,All
NBT26,delivery,Nov,Weekday,18,0.000814,USCA-SDXX-NB26-0000,Nov Weekday HS18,All
NBT26,delivery,Nov,Weekday,19,0.000795,USCA-SDXX-NB26-0000,Nov Weekday HS19,All
NBT26,delivery,Nov,Weekday,20,0.000785,USCA-SDXX-NB26-0000,Nov Weekday HS20,All
NBT26,delivery,Nov,Weekday,21,0.000803,USCA-SDXX-NB26-0000,Nov Weekday HS21,All
NBT26,delivery,Nov,Weekday,22,0.000814,USCA-SDXX-NB26-0000,Nov Weekday HS22,All
NBT26,delivery,Nov,Weekday,23,0.000814,USCA-SDXX-NB26-0000,Nov Weekday HS23,All
NBT26,delivery,Nov,Weekend,0,0.000751,USCA-SDXX-NB26-0000,Nov Weekend HS0,All
NBT26,delivery,Nov,Weekend,1,0.000719,USCA-SDXX-NB26-0000,Nov Weekend HS1,All
NBT26,delivery,Nov,Weekend,2,0.000705,USCA-SDXX-NB26-0000,Nov Weekend HS2,All
NBT26,delivery,Nov,Weekend,3,0.000696,USCA-SDXX-NB26-0000,Nov Weekend HS3,All
NBT26,delivery,Nov,Weekend,4,0.000703,USCA-SDXX-NB26-0000,Nov Weekend HS4,All
NBT26,delivery,Nov,Weekend,5,0.000716,USCA-SDXX-NB26-0000,Nov Weekend HS5,All
NBT26,delivery,Nov,Weekend,6,0.000716,USCA-SDXX-NB26-0000,Nov Weekend HS6,All
NBT26,delivery,Nov,Weekend,7,0.000523,USCA-SDXX-NB26-0000,Nov Weekend HS7,All
NBT26,delivery,Nov,Weekend,8,0.000332,USCA-SDXX-NB26-0000,Nov Weekend HS8,All
NBT26,delivery,Nov,Weekend,9,0.000244,USCA-SDXX-NB26-0000,Nov Weekend HS9,All
NBT26,delivery,Nov,Weekend,10,0.00022,USCA-SDXX-NB26-0000,Nov Weekend HS10,All
NBT26,delivery,Nov,Weekend,11,0.000193,USCA-SDXX-NB26-0000,Nov Weekend HS11,All
NBT26,delivery,Nov,Weekend,12,0.00019,USCA-SDXX-NB26-0000,Nov Weekend HS12,All
NBT26,delivery,Nov,Weekend,13,0.000188,USCA-SDXX-NB26-0000,Nov Weekend HS13,All
NBT26,delivery,Nov,Weekend,14,0.000197,USCA-SDXX-NB26-0000,Nov Weekend HS14,All
NBT26,delivery,Nov,Weekend,15,0.00037,USCA-SDXX-NB26-0000,Nov Weekend HS15,All
NBT26,delivery,Nov,Weekend,16,0.000725,USCA-SDXX-NB26-0000,Nov Weekend HS16,All
NBT26,delivery,Nov,Weekend,17,0.000835,USCA-SDXX-NB26-0000,Nov Weekend HS17,All
NBT26,delivery,Nov,Weekend,18,0.000793,USCA-SDXX-NB26-0000,Nov Weekend HS18,All
NBT26,delivery,Nov,Weekend,19,0.00076,USCA-SDXX-NB26-0000,Nov Weekend HS19,All
NBT26,delivery,Nov,Weekend,20,0.00074,USCA-SDXX-NB26-0000,Nov Weekend HS20,All
NBT26,delivery,Nov,Weekend,21,0.000735,USCA-SDXX-NB26-0000,Nov Weekend HS21,All
NBT26,delivery,Nov,Weekend,22,0.000776,USCA-SDXX-NB26-0000,Nov Weekend HS22,All
NBT26,delivery,Nov,Weekend,23,0.000735,USCA-SDXX-NB26-0000,Nov Weekend HS23,All
NBT26,delivery,Dec,Weekday,0,0.000803,USCA-SDXX-NB26-0000,Dec Weekday HS0,All
NBT26,delivery,Dec,Weekday,1,0.000786,USCA-SDXX-NB26-0000,Dec Weekday HS1,All
NBT26,delivery,Dec,Weekday,2,0.000756,USCA-SDXX-NB26-0000,Dec Weekday HS2,All
NBT26,delivery,Dec,Weekday,3,0.000762,USCA-SDXX-NB26-0000,Dec Weekday HS3,All
NBT26,delivery,Dec,Weekday,4,0.000782,USCA-SDXX-NB26-0000,Dec Weekday HS4,All
NBT26,delivery,Dec,Weekday,5,0.000806,USCA-SDXX-NB26-0000,Dec Weekday HS5,All
NBT26,delivery,Dec,Weekday,6,0.000862,USCA-SDXX-NB26-0000,Dec Weekday HS6,All
NBT26,delivery,Dec,Weekday,7,0.00075,USCA-SDXX-NB26-0000,Dec Weekday HS7,All
NBT26,delivery,Dec,Weekday,8,0.000663,USCA-SDXX-NB26-0000,Dec Weekday HS8,All
NBT26,delivery,Dec,Weekday,9,0.000624,USCA-SDXX-NB26-0000,Dec Weekday HS9,All
NBT26,delivery,Dec,Weekday,10,0.000602,USCA-SDXX-NB26-0000,Dec Weekday HS10,All
NBT26,delivery,Dec,Weekday,11,0.000568,USCA-SDXX-NB26-0000,Dec Weekday HS11,All
NBT26,delivery,Dec,Weekday,12,0.000532,USCA-SDXX-NB26-0000,Dec Weekday HS12,All
NBT26,delivery,Dec,Weekday,13,0.000536,USCA-SDXX-NB26-0000,Dec Weekday HS13,All
NBT26,delivery,Dec,Weekday,14,0.000528,USCA-SDXX-NB26-0000,Dec Weekday HS14,All
NBT26,delivery,Dec,Weekday,15,0.000628,USCA-SDXX-NB26-0000,Dec Weekday HS15,All
NBT26,delivery,Dec,Weekday,16,0.000859,USCA-SDXX-NB26-0000,Dec Weekday HS16,All
NBT26,delivery,Dec,Weekday,17,0.000905,USCA-SDXX-NB26-0000,Dec Weekday HS17,All
NBT26,delivery,Dec,Weekday,18,0.000868,USCA-SDXX-NB26-0000,Dec Weekday HS18,All
NBT26,delivery,Dec,Weekday,19,0.000831,USCA-SDXX-NB26-0000,Dec Weekday HS19,All
NBT26,delivery,Dec,Weekday,20,0.00082,USCA-SDXX-NB26-0000,Dec Weekday HS20,All
NBT26,delivery,Dec,Weekday,21,0.000816,USCA-SDXX-NB26-0000,Dec Weekday HS21,All
NBT26,delivery,Dec,Weekday,22,0.00083,USCA-SDXX-NB26-0000,Dec Weekday HS22,All
NBT26,delivery,Dec,Weekday,23,0.000833,USCA-SDXX-NB26-0000,Dec Weekday HS23,All
NBT26,delivery,Dec,Weekend,0,0.000745,USCA-SDXX-NB26-0000,Dec Weekend HS0,All
NBT26,delivery,Dec,Weekend,1,0.00073,USCA-SDXX-NB26-0000,Dec Weekend HS1,All
NBT26,delivery,Dec,Weekend,2,0.000696,USCA-SDXX-NB26-0000,Dec Weekend HS2,All
NBT26,delivery,Dec,Weekend,3,0.000661,USCA-SDXX-NB26-0000,Dec Weekend HS3,All
NBT26,delivery,Dec,Weekend,4,0.000651,USCA-SDXX-NB26-0000,Dec Weekend HS4,All
NBT26,delivery,Dec,Weekend,5,0.00067,USCA-SDXX-NB26-0000,Dec Weekend HS5,All
NBT26,delivery,Dec,Weekend,6,0.000699,USCA-SDXX-NB26-0000,Dec Weekend HS6,All
NBT26,delivery,Dec,Weekend,7,0.000605,USCA-SDXX-NB26-0000,Dec Weekend HS7,All
NBT26,delivery,Dec,Weekend,8,0.000392,USCA-SDXX-NB26-0000,Dec Weekend HS8,All
NBT26,delivery,Dec,Weekend,9,0.000202,USCA-SDXX-NB26-0000,Dec Weekend HS9,All
NBT26,delivery,Dec,Weekend,10,0.000192,USCA-SDXX-NB26-0000,Dec Weekend HS10,All
NBT26,delivery,Dec,Weekend,11,0.000174,USCA-SDXX-NB26-0000,Dec Weekend HS11,All
NBT26,delivery,Dec,Weekend,12,0.000186,USCA-SDXX-NB26-0000,Dec Weekend HS12,All
NBT26,delivery,Dec,Weekend,13,0.000133,USCA-SDXX-NB26-0000,Dec Weekend HS13,All
NBT26,delivery,Dec,Weekend,14,0.000127,USCA-SDXX-NB26-0000,Dec Weekend HS14,All
NBT26,delivery,Dec,Weekend,15,0.000375,USCA-SDXX-NB26-0000,Dec Weekend HS15,All
NBT26,delivery,Dec,Weekend,16,0.000759,USCA-SDXX-NB26-0000,Dec Weekend HS16,All
NBT26,delivery,Dec,Weekend,17,0.000808,USCA-SDXX-NB26-0000,Dec Weekend HS17,All
NBT26,delivery,Dec,Weekend,18,0.000788,USCA-SDXX-NB26-0000,Dec Weekend HS18,All
NBT26,delivery,Dec,Weekend,19,0.000749,USCA-SDXX-NB26-0000,Dec Weekend HS19,All
NBT26,delivery,Dec,Weekend,20,0.000738,USCA-SDXX-NB26-0000,Dec Weekend HS20,All
NBT26,delivery,Dec,Weekend,21,0.000694,USCA-SDXX-NB26-0000,Dec Weekend HS21,All
NBT26,delivery,Dec,Weekend,22,0.000706,USCA-SDXX-NB26-0000,Dec Weekend HS22,All
NBT26,delivery,Dec,Weekend,23,0.000696,USCA-SDXX-NB26-0000,Dec Weekend HS23,All
NBT26,generation,Jan,Weekday,0,0.088018,USCA-XXSD-NB26-0000,Jan Weekday HS0,All
NBT26,generation,Jan,Weekday,1,0.085915,USCA-XXSD-NB26-0000,Jan Weekday HS1,All
NBT26,generation,Jan,Weekday,2,0.08369,USCA-XXSD-NB26-0000,Jan Weekday HS2,All
NBT26,generation,Jan,Weekday,3,0.083209,USCA-XXSD-NB26-0000,Jan Weekday HS3,All
NBT26,generation,Jan,Weekday,4,0.085251,USCA-XXSD-NB26-0000,Jan Weekday HS4,All
NBT26,generation,Jan,Weekday,5,0.088858,USCA-XXSD-NB26-0000,Jan Weekday HS5,All
NBT26,generation,Jan,Weekday,6,0.08911,USCA-XXSD-NB26-0000,Jan Weekday HS6,All
NBT26,generation,Jan,Weekday,7,0.084378,USCA-XXSD-NB26-0000,Jan Weekday HS7,All
NBT26,generation,Jan,Weekday,8,0.072582,USCA-XXSD-NB26-0000,Jan Weekday HS8,All
NBT26,generation,Jan,Weekday,9,0.064781,USCA-XXSD-NB26-0000,Jan Weekday HS9,All
NBT26,generation,Jan,Weekday,10,0.063119,USCA-XXSD-NB26-0000,Jan Weekday HS10,All
NBT26,generation,Jan,Weekday,11,0.062418,USCA-XXSD-NB26-0000,Jan Weekday HS11,All
NBT26,generation,Jan,Weekday,12,0.062357,USCA-XXSD-NB26-0000,Jan Weekday HS12,All
NBT26,generation,Jan,Weekday,13,0.059677,USCA-XXSD-NB26-0000,Jan Weekday HS13,All
NBT26,generation,Jan,Weekday,14,0.058795,USCA-XXSD-NB26-0000,Jan Weekday HS14,All
NBT26,generation,Jan,Weekday,15,0.060686,USCA-XXSD-NB26-0000,Jan Weekday HS15,All
NBT26,generation,Jan,Weekday,16,0.077365,USCA-XXSD-NB26-0000,Jan Weekday HS16,All
NBT26,generation,Jan,Weekday,17,0.107372,USCA-XXSD-NB26-0000,Jan Weekday HS17,All
NBT26,generation,Jan,Weekday,18,0.098065,USCA-XXSD-NB26-0000,Jan Weekday HS18,All
NBT26,generation,Jan,Weekday,19,0.088746,USCA-XXSD-NB26-0000,Jan Weekday HS19,All
NBT26,generation,Jan,Weekday,20,0.087669,USCA-XXSD-NB26-0000,Jan Weekday HS20,All
NBT26,generation,Jan,Weekday,21,0.088297,USCA-XXSD-NB26-0000,Jan Weekday HS21,All
NBT26,generation,Jan,Weekday,22,0.091993,USCA-XXSD-NB26-0000,Jan Weekday HS22,All
NBT26,generation,Jan,Weekday,23,0.089653,USCA-XXSD-NB26-0000,Jan Weekday HS23,All
NBT26,generation,Jan,Weekend,0,0.087115,USCA-XXSD-NB26-0000,Jan Weekend HS0,All
NBT26,generation,Jan,Weekend,1,0.087709,USCA-XXSD-NB26-0000,Jan Weekend HS1,All
NBT26,generation,Jan,Weekend,2,0.08582,USCA-XXSD-NB26-0000,Jan Weekend HS2,All
NBT26,generation,Jan,Weekend,3,0.084591,USCA-XXSD-NB26-0000,Jan Weekend HS3,All
NBT26,generation,Jan,Weekend,4,0.08349,USCA-XXSD-NB26-0000,Jan Weekend HS4,All
NBT26,generation,Jan,Weekend,5,0.084578,USCA-XXSD-NB26-0000,Jan Weekend HS5,All
NBT26,generation,Jan,Weekend,6,0.087148,USCA-XXSD-NB26-0000,Jan Weekend HS6,All
NBT26,generation,Jan,Weekend,7,0.07884,USCA-XXSD-NB26-0000,Jan Weekend HS7,All
NBT26,generation,Jan,Weekend,8,0.065039,USCA-XXSD-NB26-0000,Jan Weekend HS8,All
NBT26,generation,Jan,Weekend,9,0.055379,USCA-XXSD-NB26-0000,Jan Weekend HS9,All
NBT26,generation,Jan,Weekend,10,0.053811,USCA-XXSD-NB26-0000,Jan Weekend HS10,All
NBT26,generation,Jan,Weekend,11,0.052555,USCA-XXSD-NB26-0000,Jan Weekend HS11,All
NBT26,generation,Jan,Weekend,12,0.052897,USCA-XXSD-NB26-0000,Jan Weekend HS12,All
NBT26,generation,Jan,Weekend,13,0.047929,USCA-XXSD-NB26-0000,Jan Weekend HS13,All
NBT26,generation,Jan,Weekend,14,0.051885,USCA-XXSD-NB26-0000,Jan Weekend HS14,All
NBT26,generation,Jan,Weekend,15,0.053747,USCA-XXSD-NB26-0000,Jan Weekend HS15,All
NBT26,generation,Jan,Weekend,16,0.078291,USCA-XXSD-NB26-0000,Jan Weekend HS16,All
NBT26,generation,Jan,Weekend,17,0.103274,USCA-XXSD-NB26-0000,Jan Weekend HS17,All
NBT26,generation,Jan,Weekend,18,0.092955,USCA-XXSD-NB26-0000,Jan Weekend HS18,All
NBT26,generation,Jan,Weekend,19,0.085931,USCA-XXSD-NB26-0000,Jan Weekend HS19,All
NBT26,generation,Jan,Weekend,20,0.084845,USCA-XXSD-NB26-0000,Jan Weekend HS20,All
NBT26,generation,Jan,Weekend,21,0.084078,USCA-XXSD-NB26-0000,Jan Weekend HS21,All
NBT26,generation,Jan,Weekend,22,0.087486,USCA-XXSD-NB26-0000,Jan Weekend HS22,All
NBT26,generation,Jan,Weekend,23,0.084263,USCA-XXSD-NB26-0000,Jan Weekend HS23,All
NBT26,generation,Feb,Weekday,0,0.087211,USCA-XXSD-NB26-0000,Feb Weekday HS0,All
NBT26,generation,Feb,Weekday,1,0.084694,USCA-XXSD-NB26-0000,Feb Weekday HS1,All
NBT26,generation,Feb,Weekday,2,0.08651,USCA-XXSD-NB26-0000,Feb Weekday HS2,All
NBT26,generation,Feb,Weekday,3,0.086651,USCA-XXSD-NB26-0000,Feb Weekday HS3,All
NBT26,generation,Feb,Weekday,4,0.088635,USCA-XXSD-NB26-0000,Feb Weekday HS4,All
NBT26,generation,Feb,Weekday,5,0.087078,USCA-XXSD-NB26-0000,Feb Weekday HS5,All
NBT26,generation,Feb,Weekday,6,0.083555,USCA-XXSD-NB26-0000,Feb Weekday HS6,All
NBT26,generation,Feb,Weekday,7,0.080407,USCA-XXSD-NB26-0000,Feb Weekday HS7,All
NBT26,generation,Feb,Weekday,8,0.061726,USCA-XXSD-NB26-0000,Feb Weekday HS8,All
NBT26,generation,Feb,Weekday,9,0.051618,USCA-XXSD-NB26-0000,Feb Weekday HS9,All
NBT26,generation,Feb,Weekday,10,0.048867,USCA-XXSD-NB26-0000,Feb Weekday HS10,All
NBT26,generation,Feb,Weekday,11,0.046968,USCA-XXSD-NB26-0000,Feb Weekday HS11,All
NBT26,generation,Feb,Weekday,12,0.043637,USCA-XXSD-NB26-0000,Feb Weekday HS12,All
NBT26,generation,Feb,Weekday,13,0.038952,USCA-XXSD-NB26-0000,Feb Weekday HS13,All
NBT26,generation,Feb,Weekday,14,0.032512,USCA-XXSD-NB26-0000,Feb Weekday HS14,All
NBT26,generation,Feb,Weekday,15,0.03066,USCA-XXSD-NB26-0000,Feb Weekday HS15,All
NBT26,generation,Feb,Weekday,16,0.06408,USCA-XXSD-NB26-0000,Feb Weekday HS16,All
NBT26,generation,Feb,Weekday,17,0.106246,USCA-XXSD-NB26-0000,Feb Weekday HS17,All
NBT26,generation,Feb,Weekday,18,0.091132,USCA-XXSD-NB26-0000,Feb Weekday HS18,All
NBT26,generation,Feb,Weekday,19,0.085484,USCA-XXSD-NB26-0000,Feb Weekday HS19,All
NBT26,generation,Feb,Weekday,20,0.085911,USCA-XXSD-NB26-0000,Feb Weekday HS20,All
NBT26,generation,Feb,Weekday,21,0.083049,USCA-XXSD-NB26-0000,Feb Weekday HS21,All
NBT26,generation,Feb,Weekday,22,0.090105,USCA-XXSD-NB26-0000,Feb Weekday HS22,All
NBT26,generation,Feb,Weekday,23,0.086358,USCA-XXSD-NB26-0000,Feb Weekday HS23,All
NBT26,generation,Feb,Weekend,0,0.0837,USCA-XXSD-NB26-0000,Feb Weekend HS0,All
NBT26,generation,Feb,Weekend,1,0.084721,USCA-XXSD-NB26-0000,Feb Weekend HS1,All
NBT26,generation,Feb,Weekend,2,0.08338,USCA-XXSD-NB26-0000,Feb Weekend HS2,All
NBT26,generation,Feb,Weekend,3,0.083224,USCA-XXSD-NB26-0000,Feb Weekend HS3,All
NBT26,generation,Feb,Weekend,4,0.082277,USCA-XXSD-NB26-0000,Feb Weekend HS4,All
NBT26,generation,Feb,Weekend,5,0.082089,USCA-XXSD-NB26-0000,Feb Weekend HS5,All
NBT26,generation,Feb,Weekend,6,0.078425,USCA-XXSD-NB26-0000,Feb Weekend HS6,All
NBT26,generation,Feb,Weekend,7,0.069307,USCA-XXSD-NB26-0000,Feb Weekend HS7,All
NBT26,generation,Feb,Weekend,8,0.047325,USCA-XXSD-NB26-0000,Feb Weekend HS8,All
NBT26,generation,Feb,Weekend,9,0.026768,USCA-XXSD-NB26-0000,Feb Weekend HS9,All
NBT26,generation,Feb,Weekend,10,0.026735,USCA-XXSD-NB26-0000,Feb Weekend HS10,All
NBT26,generation,Feb,Weekend,11,0.024482,USCA-XXSD-NB26-0000,Feb Weekend HS11,All
NBT26,generation,Feb,Weekend,12,0.024157,USCA-XXSD-NB26-0000,Feb Weekend HS12,All
NBT26,generation,Feb,Weekend,13,0.021857,USCA-XXSD-NB26-0000,Feb Weekend HS13,All
NBT26,generation,Feb,Weekend,14,0.021434,USCA-XXSD-NB26-0000,Feb Weekend HS14,All
NBT26,generation,Feb,Weekend,15,0.018795,USCA-XXSD-NB26-0000,Feb Weekend HS15,All
NBT26,generation,Feb,Weekend,16,0.05638,USCA-XXSD-NB26-0000,Feb Weekend HS16,All
NBT26,generation,Feb,Weekend,17,0.096896,USCA-XXSD-NB26-0000,Feb Weekend HS17,All
NBT26,generation,Feb,Weekend,18,0.099606,USCA-XXSD-NB26-0000,Feb Weekend HS18,All
NBT26,generation,Feb,Weekend,19,0.0881,USCA-XXSD-NB26-0000,Feb Weekend HS19,All
NBT26,generation,Feb,Weekend,20,0.08515,USCA-XXSD-NB26-0000,Feb Weekend HS20,All
NBT26,generation,Feb,Weekend,21,0.082132,USCA-XXSD-NB26-0000,Feb Weekend HS21,All
NBT26,generation,Feb,Weekend,22,0.083095,USCA-XXSD-NB26-0000,Feb Weekend HS22,All
NBT26,generation,Feb,Weekend,23,0.089704,USCA-XXSD-NB26-0000,Feb Weekend HS23,All
NBT26,generation,Mar,Weekday,0,0.072942,USCA-XXSD-NB26-0000,Mar Weekday HS0,All
NBT26,generation,Mar,Weekday,1,0.069432,USCA-XXSD-NB26-0000,Mar Weekday HS1,All
NBT26,generation,Mar,Weekday,2,0.065563,USCA-XXSD-NB26-0000,Mar Weekday HS2,All
NBT26,generation,Mar,Weekday,3,0.064982,USCA-XXSD-NB26-0000,Mar Weekday HS3,All
NBT26,generation,Mar,Weekday,4,0.066131,USCA-XXSD-NB26-0000,Mar Weekday HS4,All
NBT26,generation,Mar,Weekday,5,0.069222,USCA-XXSD-NB26-0000,Mar Weekday HS5,All
NBT26,generation,Mar,Weekday,6,0.071449,USCA-XXSD-NB26-0000,Mar Weekday HS6,All
NBT26,generation,Mar,Weekday,7,0.06454,USCA-XXSD-NB26-0000,Mar Weekday HS7,All
NBT26,generation,Mar,Weekday,8,0.045923,USCA-XXSD-NB26-0000,Mar Weekday HS8,All
NBT26,generation,Mar,Weekday,9,0.021434,USCA-XXSD-NB26-0000,Mar Weekday HS9,All
NBT26,generation,Mar,Weekday,10,0.016923,USCA-XXSD-NB26-0000,Mar Weekday HS10,All
NBT26,generation,Mar,Weekday,11,0.015751,USCA-XXSD-NB26-0000,Mar Weekday HS11,All
NBT26,generation,Mar,Weekday,12,0.016005,USCA-XXSD-NB26-0000,Mar Weekday HS12,All
NBT26,generation,Mar,Weekday,13,0.011977,USCA-XXSD-NB26-0000,Mar Weekday HS13,All
NBT26,generation,Mar,Weekday,14,0.010416,USCA-XXSD-NB26-0000,Mar Weekday HS14,All
NBT26,generation,Mar,Weekday,15,0.011533,USCA-XXSD-NB26-0000,Mar Weekday HS15,All
NBT26,generation,Mar,Weekday,16,0.022442,USCA-XXSD-NB26-0000,Mar Weekday HS16,All
NBT26,generation,Mar,Weekday,17,0.055682,USCA-XXSD-NB26-0000,Mar Weekday HS17,All
NBT26,generation,Mar,Weekday,18,0.08018,USCA-XXSD-NB26-0000,Mar Weekday HS18,All
NBT26,generation,Mar,Weekday,19,0.079117,USCA-XXSD-NB26-0000,Mar Weekday HS19,All
NBT26,generation,Mar,Weekday,20,0.07423,USCA-XXSD-NB26-0000,Mar Weekday HS20,All
NBT26,generation,Mar,Weekday,21,0.07138,USCA-XXSD-NB26-0000,Mar Weekday HS21,All
NBT26,generation,Mar,Weekday,22,0.0674,USCA-XXSD-NB26-0000,Mar Weekday HS22,All
NBT26,generation,Mar,Weekday,23,0.068997,USCA-XXSD-NB26-0000,Mar Weekday HS23,All
NBT26,generation,Mar,Weekend,0,0.066161,USCA-XXSD-NB26-0000,Mar Weekend HS0,All
NBT26,generation,Mar,Weekend,1,0.067403,USCA-XXSD-NB26-0000,Mar Weekend HS1,All
NBT26,generation,Mar,Weekend,2,0.068719,USCA-XXSD-NB26-0000,Mar Weekend HS2,All
NBT26,generation,Mar,Weekend,3,0.070252,USCA-XXSD-NB26-0000,Mar Weekend HS3,All
NBT26,generation,Mar,Weekend,4,0.069248,USCA-XXSD-NB26-0000,Mar Weekend HS4,All
NBT26,generation,Mar,Weekend,5,0.069209,USCA-XXSD-NB26-0000,Mar Weekend HS5,All
NBT26,generation,Mar,Weekend,6,0.066733,USCA-XXSD-NB26-0000,Mar Weekend HS6,All
NBT26,generation,Mar,Weekend,7,0.060302,USCA-XXSD-NB26-0000,Mar Weekend HS7,All
NBT26,generation,Mar,Weekend,8,0.006254,USCA-XXSD-NB26-0000,Mar Weekend HS8,All
NBT26,generation,Mar,Weekend,9,0.001806,USCA-XXSD-NB26-0000,Mar Weekend HS9,All
NBT26,generation,Mar,Weekend,10,0.00457,USCA-XXSD-NB26-0000,Mar Weekend HS10,All
NBT26,generation,Mar,Weekend,11,0.002826,USCA-XXSD-NB26-0000,Mar Weekend HS11,All
NBT26,generation,Mar,Weekend,12,0.000609,USCA-XXSD-NB26-0000,Mar Weekend HS12,All
NBT26,generation,Mar,Weekend,13,0.000594,USCA-XXSD-NB26-0000,Mar Weekend HS13,All
NBT26,generation,Mar,Weekend,14,0.0,USCA-XXSD-NB26-0000,Mar Weekend HS14,All
NBT26,generation,Mar,Weekend,15,0.003751,USCA-XXSD-NB26-0000,Mar Weekend HS15,All
NBT26,generation,Mar,Weekend,16,0.016194,USCA-XXSD-NB26-0000,Mar Weekend HS16,All
NBT26,generation,Mar,Weekend,17,0.031105,USCA-XXSD-NB26-0000,Mar Weekend HS17,All
NBT26,generation,Mar,Weekend,18,0.069955,USCA-XXSD-NB26-0000,Mar Weekend HS18,All
NBT26,generation,Mar,Weekend,19,0.072519,USCA-XXSD-NB26-0000,Mar Weekend HS19,All
NBT26,generation,Mar,Weekend,20,0.070148,USCA-XXSD-NB26-0000,Mar Weekend HS20,All
NBT26,generation,Mar,Weekend,21,0.069687,USCA-XXSD-NB26-0000,Mar Weekend HS21,All
NBT26,generation,Mar,Weekend,22,0.067888,USCA-XXSD-NB26-0000,Mar Weekend HS22,All
NBT26,generation,Mar,Weekend,23,0.064196,USCA-XXSD-NB26-0000,Mar Weekend HS23,All
NBT26,generation,Apr,Weekday,0,0.073127,USCA-XXSD-NB26-0000,Apr Weekday HS0,All
NBT26,generation,Apr,Weekday,1,0.071043,USCA-XXSD-NB26-0000,Apr Weekday HS1,All
NBT26,generation,Apr,Weekday,2,0.075999,USCA-XXSD-NB26-0000,Apr Weekday HS2,All
NBT26,generation,Apr,Weekday,3,0.073604,USCA-XXSD-NB26-0000,Apr Weekday HS3,All
NBT26,generation,Apr,Weekday,4,0.072572,USCA-XXSD-NB26-0000,Apr Weekday HS4,All
NBT26,generation,Apr,Weekday,5,0.075599,USCA-XXSD-NB26-0000,Apr Weekday HS5,All
NBT26,generation,Apr,Weekday,6,0.067171,USCA-XXSD-NB26-0000,Apr Weekday HS6,All
NBT26,generation,Apr,Weekday,7,0.054033,USCA-XXSD-NB26-0000,Apr Weekday HS7,All
NBT26,generation,Apr,Weekday,8,0.012223,USCA-XXSD-NB26-0000,Apr Weekday HS8,All
NBT26,generation,Apr,Weekday,9,0.004745,USCA-XXSD-NB26-0000,Apr Weekday HS9,All
NBT26,generation,Apr,Weekday,10,0.007856,USCA-XXSD-NB26-0000,Apr Weekday HS10,All
NBT26,generation,Apr,Weekday,11,0.006946,USCA-XXSD-NB26-0000,Apr Weekday HS11,All
NBT26,generation,Apr,Weekday,12,0.004055,USCA-XXSD-NB26-0000,Apr Weekday HS12,All
NBT26,generation,Apr,Weekday,13,0.001443,USCA-XXSD-NB26-0000,Apr Weekday HS13,All
NBT26,generation,Apr,Weekday,14,0.000599,USCA-XXSD-NB26-0000,Apr Weekday HS14,All
NBT26,generation,Apr,Weekday,15,0.000124,USCA-XXSD-NB26-0000,Apr Weekday HS15,All
NBT26,generation,Apr,Weekday,16,0.000756,USCA-XXSD-NB26-0000,Apr Weekday HS16,All
NBT26,generation,Apr,Weekday,17,0.004565,USCA-XXSD-NB26-0000,Apr Weekday HS17,All
NBT26,generation,Apr,Weekday,18,0.072585,USCA-XXSD-NB26-0000,Apr Weekday HS18,All
NBT26,generation,Apr,Weekday,19,0.072367,USCA-XXSD-NB26-0000,Apr Weekday HS19,All
NBT26,generation,Apr,Weekday,20,0.071607,USCA-XXSD-NB26-0000,Apr Weekday HS20,All
NBT26,generation,Apr,Weekday,21,0.070149,USCA-XXSD-NB26-0000,Apr Weekday HS21,All
NBT26,generation,Apr,Weekday,22,0.067566,USCA-XXSD-NB26-0000,Apr Weekday HS22,All
NBT26,generation,Apr,Weekday,23,0.073733,USCA-XXSD-NB26-0000,Apr Weekday HS23,All
NBT26,generation,Apr,Weekend,0,0.063637,USCA-XXSD-NB26-0000,Apr Weekend HS0,All
NBT26,generation,Apr,Weekend,1,0.064342,USCA-XXSD-NB26-0000,Apr Weekend HS1,All
NBT26,generation,Apr,Weekend,2,0.07137,USCA-XXSD-NB26-0000,Apr Weekend HS2,All
NBT26,generation,Apr,Weekend,3,0.075534,USCA-XXSD-NB26-0000,Apr Weekend HS3,All
NBT26,generation,Apr,Weekend,4,0.071918,USCA-XXSD-NB26-0000,Apr Weekend HS4,All
NBT26,generation,Apr,Weekend,5,0.07303,USCA-XXSD-NB26-0000,Apr Weekend HS5,All
NBT26,generation,Apr,Weekend,6,0.066399,USCA-XXSD-NB26-0000,Apr Weekend HS6,All
NBT26,generation,Apr,Weekend,7,0.044459,USCA-XXSD-NB26-0000,Apr Weekend HS7,All
NBT26,generation,Apr,Weekend,8,0.001525,USCA-XXSD-NB26-0000,Apr Weekend HS8,All
NBT26,generation,Apr,Weekend,9,0.001775,USCA-XXSD-NB26-0000,Apr Weekend HS9,All
NBT26,generation,Apr,Weekend,10,0.007402,USCA-XXSD-NB26-0000,Apr Weekend HS10,All
NBT26,generation,Apr,Weekend,11,0.004373,USCA-XXSD-NB26-0000,Apr Weekend HS11,All
NBT26,generation,Apr,Weekend,12,0.00072,USCA-XXSD-NB26-0000,Apr Weekend HS12,All
NBT26,generation,Apr,Weekend,13,0.0,USCA-XXSD-NB26-0000,Apr Weekend HS13,All
NBT26,generation,Apr,Weekend,14,0.0,USCA-XXSD-NB26-0000,Apr Weekend HS14,All
NBT26,generation,Apr,Weekend,15,0.0,USCA-XXSD-NB26-0000,Apr Weekend HS15,All
NBT26,generation,Apr,Weekend,16,0.0,USCA-XXSD-NB26-0000,Apr Weekend HS16,All
NBT26,generation,Apr,Weekend,17,0.002627,USCA-XXSD-NB26-0000,Apr Weekend HS17,All
NBT26,generation,Apr,Weekend,18,0.067669,USCA-XXSD-NB26-0000,Apr Weekend HS18,All
NBT26,generation,Apr,Weekend,19,0.077363,USCA-XXSD-NB26-0000,Apr Weekend HS19,All
NBT26,generation,Apr,Weekend,20,0.065678,USCA-XXSD-NB26-0000,Apr Weekend HS20,All
NBT26,generation,Apr,Weekend,21,0.066559,USCA-XXSD-NB26-0000,Apr Weekend HS21,All
NBT26,generation,Apr,Weekend,22,0.065205,USCA-XXSD-NB26-0000,Apr Weekend HS22,All
NBT26,generation,Apr,Weekend,23,0.067307,USCA-XXSD-NB26-0000,Apr Weekend HS23,All
NBT26,generation,May,Weekday,0,0.076086,USCA-XXSD-NB26-0000,May Weekday HS0,All
NBT26,generation,May,Weekday,1,0.072081,USCA-XXSD-NB26-0000,May Weekday HS1,All
NBT26,generation,May,Weekday,2,0.074545,USCA-XXSD-NB26-0000,May Weekday HS2,All
NBT26,generation,May,Weekday,3,0.078874,USCA-XXSD-NB26-0000,May Weekday HS3,All
NBT26,generation,May,Weekday,4,0.079276,USCA-XXSD-NB26-0000,May Weekday HS4,All
NBT26,generation,May,Weekday,5,0.072949,USCA-XXSD-NB26-0000,May Weekday HS5,All
NBT26,generation,May,Weekday,6,0.064935,USCA-XXSD-NB26-0000,May Weekday HS6,All
NBT26,generation,May,Weekday,7,0.061039,USCA-XXSD-NB26-0000,May Weekday HS7,All
NBT26,generation,May,Weekday,8,0.022328,USCA-XXSD-NB26-0000,May Weekday HS8,All
NBT26,generation,May,Weekday,9,0.01181,USCA-XXSD-NB26-0000,May Weekday HS9,All
NBT26,generation,May,Weekday,10,0.012951,USCA-XXSD-NB26-0000,May Weekday HS10,All
NBT26,generation,May,Weekday,11,0.009804,USCA-XXSD-NB26-0000,May Weekday HS11,All
NBT26,generation,May,Weekday,12,0.00932,USCA-XXSD-NB26-0000,May Weekday HS12,All
NBT26,generation,May,Weekday,13,0.010304,USCA-XXSD-NB26-0000,May Weekday HS13,All
NBT26,generation,May,Weekday,14,0.008748,USCA-XXSD-NB26-0000,May Weekday HS14,All
NBT26,generation,May,Weekday,15,0.00834,USCA-XXSD-NB26-0000,May Weekday HS15,All
NBT26,generation,May,Weekday,16,0.011268,USCA-XXSD-NB26-0000,May Weekday HS16,All
NBT26,generation,May,Weekday,17,0.031589,USCA-XXSD-NB26-0000,May Weekday HS17,All
NBT26,generation,May,Weekday,18,0.079269,USCA-XXSD-NB26-0000,May Weekday HS18,All
NBT26,generation,May,Weekday,19,0.08451,USCA-XXSD-NB26-0000,May Weekday HS19,All
NBT26,generation,May,Weekday,20,0.073731,USCA-XXSD-NB26-0000,May Weekday HS20,All
NBT26,generation,May,Weekday,21,0.072171,USCA-XXSD-NB26-0000,May Weekday HS21,All
NBT26,generation,May,Weekday,22,0.073531,USCA-XXSD-NB26-0000,May Weekday HS22,All
NBT26,generation,May,Weekday,23,0.074609,USCA-XXSD-NB26-0000,May Weekday HS23,All
NBT26,generation,May,Weekend,0,0.067349,USCA-XXSD-NB26-0000,May Weekend HS0,All
NBT26,generation,May,Weekend,1,0.068972,USCA-XXSD-NB26-0000,May Weekend HS1,All
NBT26,generation,May,Weekend,2,0.078746,USCA-XXSD-NB26-0000,May Weekend HS2,All
NBT26,generation,May,Weekend,3,0.080005,USCA-XXSD-NB26-0000,May Weekend HS3,All
NBT26,generation,May,Weekend,4,0.075073,USCA-XXSD-NB26-0000,May Weekend HS4,All
NBT26,generation,May,Weekend,5,0.068596,USCA-XXSD-NB26-0000,May Weekend HS5,All
NBT26,generation,May,Weekend,6,0.066631,USCA-XXSD-NB26-0000,May Weekend HS6,All
NBT26,generation,May,Weekend,7,0.031618,USCA-XXSD-NB26-0000,May Weekend HS7,All
NBT26,generation,May,Weekend,8,0.001891,USCA-XXSD-NB26-0000,May Weekend HS8,All
NBT26,generation,May,Weekend,9,0.004459,USCA-XXSD-NB26-0000,May Weekend HS9,All
NBT26,generation,May,Weekend,10,0.004213,USCA-XXSD-NB26-0000,May Weekend HS10,All
NBT26,generation,May,Weekend,11,0.004914,USCA-XXSD-NB26-0000,May Weekend HS11,All
NBT26,generation,May,Weekend,12,0.004438,USCA-XXSD-NB26-0000,May Weekend HS12,All
NBT26,generation,May,Weekend,13,0.003787,USCA-XXSD-NB26-0000,May Weekend HS13,All
NBT26,generation,May,Weekend,14,0.0,USCA-XXSD-NB26-0000,May Weekend HS14,All
NBT26,generation,May,Weekend,15,0.0,USCA-XXSD-NB26-0000,May Weekend HS15,All
NBT26,generation,May,Weekend,16,0.0,USCA-XXSD-NB26-0000,May Weekend HS16,All
NBT26,generation,May,Weekend,17,0.000633,USCA-XXSD-NB26-0000,May Weekend HS17,All
NBT26,generation,May,Weekend,18,0.056294,USCA-XXSD-NB26-0000,May Weekend HS18,All
NBT26,generation,May,Weekend,19,0.082698,USCA-XXSD-NB26-0000,May Weekend HS19,All
NBT26,generation,May,Weekend,20,0.075623,USCA-XXSD-NB26-0000,May Weekend HS20,All
NBT26,generation,May,Weekend,21,0.073472,USCA-XXSD-NB26-0000,May Weekend HS21,All
NBT26,generation,May,Weekend,22,0.073349,USCA-XXSD-NB26-0000,May Weekend HS22,All
NBT26,generation,May,Weekend,23,0.074792,USCA-XXSD-NB26-0000,May Weekend HS23,All
NBT26,generation,Jun,Weekday,0,0.074269,USCA-XXSD-NB26-0000,Jun Weekday HS0,All
NBT26,generation,Jun,Weekday,1,0.072218,USCA-XXSD-NB26-0000,Jun Weekday HS1,All
NBT26,generation,Jun,Weekday,2,0.069186,USCA-XXSD-NB26-0000,Jun Weekday HS2,All
NBT26,generation,Jun,Weekday,3,0.07237,USCA-XXSD-NB26-0000,Jun Weekday HS3,All
NBT26,generation,Jun,Weekday,4,0.070089,USCA-XXSD-NB26-0000,Jun Weekday HS4,All
NBT26,generation,Jun,Weekday,5,0.069092,USCA-XXSD-NB26-0000,Jun Weekday HS5,All
NBT26,generation,Jun,Weekday,6,0.065279,USCA-XXSD-NB26-0000,Jun Weekday HS6,All
NBT26,generation,Jun,Weekday,7,0.059607,USCA-XXSD-NB26-0000,Jun Weekday HS7,All
NBT26,generation,Jun,Weekday,8,0.041389,USCA-XXSD-NB26-0000,Jun Weekday HS8,All
NBT26,generation,Jun,Weekday,9,0.034757,USCA-XXSD-NB26-0000,Jun Weekday HS9,All
NBT26,generation,Jun,Weekday,10,0.032729,USCA-XXSD-NB26-0000,Jun Weekday HS10,All
NBT26,generation,Jun,Weekday,11,0.028239,USCA-XXSD-NB26-0000,Jun Weekday HS11,All
NBT26,generation,Jun,Weekday,12,0.02788,USCA-XXSD-NB26-0000,Jun Weekday HS12,All
NBT26,generation,Jun,Weekday,13,0.028766,USCA-XXSD-NB26-0000,Jun Weekday HS13,All
NBT26,generation,Jun,Weekday,14,0.032774,USCA-XXSD-NB26-0000,Jun Weekday HS14,All
NBT26,generation,Jun,Weekday,15,0.027245,USCA-XXSD-NB26-0000,Jun Weekday HS15,All
NBT26,generation,Jun,Weekday,16,0.030609,USCA-XXSD-NB26-0000,Jun Weekday HS16,All
NBT26,generation,Jun,Weekday,17,0.042889,USCA-XXSD-NB26-0000,Jun Weekday HS17,All
NBT26,generation,Jun,Weekday,18,0.085143,USCA-XXSD-NB26-0000,Jun Weekday HS18,All
NBT26,generation,Jun,Weekday,19,0.087481,USCA-XXSD-NB26-0000,Jun Weekday HS19,All
NBT26,generation,Jun,Weekday,20,0.083371,USCA-XXSD-NB26-0000,Jun Weekday HS20,All
NBT26,generation,Jun,Weekday,21,0.080033,USCA-XXSD-NB26-0000,Jun Weekday HS21,All
NBT26,generation,Jun,Weekday,22,0.074796,USCA-XXSD-NB26-0000,Jun Weekday HS22,All
NBT26,generation,Jun,Weekday,23,0.069175,USCA-XXSD-NB26-0000,Jun Weekday HS23,All
NBT26,generation,Jun,Weekend,0,0.070315,USCA-XXSD-NB26-0000,Jun Weekend HS0,All
NBT26,generation,Jun,Weekend,1,0.068271,USCA-XXSD-NB26-0000,Jun Weekend HS1,All
NBT26,generation,Jun,Weekend,2,0.068284,USCA-XXSD-NB26-0000,Jun Weekend HS2,All
NBT26,generation,Jun,Weekend,3,0.068651,USCA-XXSD-NB26-0000,Jun Weekend HS3,All
NBT26,generation,Jun,Weekend,4,0.065909,USCA-XXSD-NB26-0000,Jun Weekend HS4,All
NBT26,generation,Jun,Weekend,5,0.081987,USCA-XXSD-NB26-0000,Jun Weekend HS5,All
NBT26,generation,Jun,Weekend,6,0.068145,USCA-XXSD-NB26-0000,Jun Weekend HS6,All
NBT26,generation,Jun,Weekend,7,0.056294,USCA-XXSD-NB26-0000,Jun Weekend HS7,All
NBT26,generation,Jun,Weekend,8,0.017435,USCA-XXSD-NB26-0000,Jun Weekend HS8,All
NBT26,generation,Jun,Weekend,9,0.012918,USCA-XXSD-NB26-0000,Jun Weekend HS9,All
NBT26,generation,Jun,Weekend,10,0.017365,USCA-XXSD-NB26-0000,Jun Weekend HS10,All
NBT26,generation,Jun,Weekend,11,0.011007,USCA-XXSD-NB26-0000,Jun Weekend HS11,All
NBT26,generation,Jun,Weekend,12,0.012,USCA-XXSD-NB26-0000,Jun Weekend HS12,All
NBT26,generation,Jun,Weekend,13,0.006802,USCA-XXSD-NB26-0000,Jun Weekend HS13,All
NBT26,generation,Jun,Weekend,14,0.008566,USCA-XXSD-NB26-0000,Jun Weekend HS14,All
NBT26,generation,Jun,Weekend,15,0.008731,USCA-XXSD-NB26-0000,Jun Weekend HS15,All
NBT26,generation,Jun,Weekend,16,0.009594,USCA-XXSD-NB26-0000,Jun Weekend HS16,All
NBT26,generation,Jun,Weekend,17,0.020773,USCA-XXSD-NB26-0000,Jun Weekend HS17,All
NBT26,generation,Jun,Weekend,18,0.069273,USCA-XXSD-NB26-0000,Jun Weekend HS18,All
NBT26,generation,Jun,Weekend,19,0.09231,USCA-XXSD-NB26-0000,Jun Weekend HS19,All
NBT26,generation,Jun,Weekend,20,0.079939,USCA-XXSD-NB26-0000,Jun Weekend HS20,All
NBT26,generation,Jun,Weekend,21,0.075855,USCA-XXSD-NB26-0000,Jun Weekend HS21,All
NBT26,generation,Jun,Weekend,22,0.07518,USCA-XXSD-NB26-0000,Jun Weekend HS22,All
NBT26,generation,Jun,Weekend,23,0.071285,USCA-XXSD-NB26-0000,Jun Weekend HS23,All
NBT26,generation,Jul,Weekday,0,0.070886,USCA-XXSD-NB26-0000,Jul Weekday HS0,All
NBT26,generation,Jul,Weekday,1,0.071468,USCA-XXSD-NB26-0000,Jul Weekday HS1,All
NBT26,generation,Jul,Weekday,2,0.068711,USCA-XXSD-NB26-0000,Jul Weekday HS2,All
NBT26,generation,Jul,Weekday,3,0.069546,USCA-XXSD-NB26-0000,Jul Weekday HS3,All
NBT26,generation,Jul,Weekday,4,0.066988,USCA-XXSD-NB26-0000,Jul Weekday HS4,All
NBT26,generation,Jul,Weekday,5,0.066891,USCA-XXSD-NB26-0000,Jul Weekday HS5,All
NBT26,generation,Jul,Weekday,6,0.069852,USCA-XXSD-NB26-0000,Jul Weekday HS6,All
NBT26,generation,Jul,Weekday,7,0.066528,USCA-XXSD-NB26-0000,Jul Weekday HS7,All
NBT26,generation,Jul,Weekday,8,0.063334,USCA-XXSD-NB26-0000,Jul Weekday HS8,All
NBT26,generation,Jul,Weekday,9,0.05654,USCA-XXSD-NB26-0000,Jul Weekday HS9,All
NBT26,generation,Jul,Weekday,10,0.057636,USCA-XXSD-NB26-0000,Jul Weekday HS10,All
NBT26,generation,Jul,Weekday,11,0.055463,USCA-XXSD-NB26-0000,Jul Weekday HS11,All
NBT26,generation,Jul,Weekday,12,0.051343,USCA-XXSD-NB26-0000,Jul Weekday HS12,All
NBT26,generation,Jul,Weekday,13,0.047215,USCA-XXSD-NB26-0000,Jul Weekday HS13,All
NBT26,generation,Jul,Weekday,14,0.046995,USCA-XXSD-NB26-0000,Jul Weekday HS14,All
NBT26,generation,Jul,Weekday,15,0.049198,USCA-XXSD-NB26-0000,Jul Weekday HS15,All
NBT26,generation,Jul,Weekday,16,0.047588,USCA-XXSD-NB26-0000,Jul Weekday HS16,All
NBT26,generation,Jul,Weekday,17,0.060355,USCA-XXSD-NB26-0000,Jul Weekday HS17,All
NBT26,generation,Jul,Weekday,18,0.095916,USCA-XXSD-NB26-0000,Jul Weekday HS18,All
NBT26,generation,Jul,Weekday,19,0.104757,USCA-XXSD-NB26-0000,Jul Weekday HS19,All
NBT26,generation,Jul,Weekday,20,0.090912,USCA-XXSD-NB26-0000,Jul Weekday HS20,All
NBT26,generation,Jul,Weekday,21,0.081586,USCA-XXSD-NB26-0000,Jul Weekday HS21,All
NBT26,generation,Jul,Weekday,22,0.078626,USCA-XXSD-NB26-0000,Jul Weekday HS22,All
NBT26,generation,Jul,Weekday,23,0.072629,USCA-XXSD-NB26-0000,Jul Weekday HS23,All
NBT26,generation,Jul,Weekend,0,0.07727,USCA-XXSD-NB26-0000,Jul Weekend HS0,All
NBT26,generation,Jul,Weekend,1,0.07137,USCA-XXSD-NB26-0000,Jul Weekend HS1,All
NBT26,generation,Jul,Weekend,2,0.068981,USCA-XXSD-NB26-0000,Jul Weekend HS2,All
NBT26,generation,Jul,Weekend,3,0.068839,USCA-XXSD-NB26-0000,Jul Weekend HS3,All
NBT26,generation,Jul,Weekend,4,0.06644,USCA-XXSD-NB26-0000,Jul Weekend HS4,All
NBT26,generation,Jul,Weekend,5,0.067159,USCA-XXSD-NB26-0000,Jul Weekend HS5,All
NBT26,generation,Jul,Weekend,6,0.063602,USCA-XXSD-NB26-0000,Jul Weekend HS6,All
NBT26,generation,Jul,Weekend,7,0.060731,USCA-XXSD-NB26-0000,Jul Weekend HS7,All
NBT26,generation,Jul,Weekend,8,0.024329,USCA-XXSD-NB26-0000,Jul Weekend HS8,All
NBT26,generation,Jul,Weekend,9,0.02412,USCA-XXSD-NB26-0000,Jul Weekend HS9,All
NBT26,generation,Jul,Weekend,10,0.026086,USCA-XXSD-NB26-0000,Jul Weekend HS10,All
NBT26,generation,Jul,Weekend,11,0.021922,USCA-XXSD-NB26-0000,Jul Weekend HS11,All
NBT26,generation,Jul,Weekend,12,0.024313,USCA-XXSD-NB26-0000,Jul Weekend HS12,All
NBT26,generation,Jul,Weekend,13,0.025391,USCA-XXSD-NB26-0000,Jul Weekend HS13,All
NBT26,generation,Jul,Weekend,14,0.019634,USCA-XXSD-NB26-0000,Jul Weekend HS14,All
NBT26,generation,Jul,Weekend,15,0.023453,USCA-XXSD-NB26-0000,Jul Weekend HS15,All
NBT26,generation,Jul,Weekend,16,0.023481,USCA-XXSD-NB26-0000,Jul Weekend HS16,All
NBT26,generation,Jul,Weekend,17,0.042607,USCA-XXSD-NB26-0000,Jul Weekend HS17,All
NBT26,generation,Jul,Weekend,18,0.091438,USCA-XXSD-NB26-0000,Jul Weekend HS18,All
NBT26,generation,Jul,Weekend,19,0.111178,USCA-XXSD-NB26-0000,Jul Weekend HS19,All
NBT26,generation,Jul,Weekend,20,0.097059,USCA-XXSD-NB26-0000,Jul Weekend HS20,All
NBT26,generation,Jul,Weekend,21,0.078037,USCA-XXSD-NB26-0000,Jul Weekend HS21,All
NBT26,generation,Jul,Weekend,22,0.076206,USCA-XXSD-NB26-0000,Jul Weekend HS22,All
NBT26,generation,Jul,Weekend,23,0.073233,USCA-XXSD-NB26-0000,Jul Weekend HS23,All
NBT26,generation,Aug,Weekday,0,0.085731,USCA-XXSD-NB26-0000,Aug Weekday HS0,All
NBT26,generation,Aug,Weekday,1,0.087143,USCA-XXSD-NB26-0000,Aug Weekday HS1,All
NBT26,generation,Aug,Weekday,2,0.084063,USCA-XXSD-NB26-0000,Aug Weekday HS2,All
NBT26,generation,Aug,Weekday,3,0.080639,USCA-XXSD-NB26-0000,Aug Weekday HS3,All
NBT26,generation,Aug,Weekday,4,0.080311,USCA-XXSD-NB26-0000,Aug Weekday HS4,All
NBT26,generation,Aug,Weekday,5,0.080732,USCA-XXSD-NB26-0000,Aug Weekday HS5,All
NBT26,generation,Aug,Weekday,6,0.077237,USCA-XXSD-NB26-0000,Aug Weekday HS6,All
NBT26,generation,Aug,Weekday,7,0.068571,USCA-XXSD-NB26-0000,Aug Weekday HS7,All
NBT26,generation,Aug,Weekday,8,0.062131,USCA-XXSD-NB26-0000,Aug Weekday HS8,All
NBT26,generation,Aug,Weekday,9,0.061015,USCA-XXSD-NB26-0000,Aug Weekday HS9,All
NBT26,generation,Aug,Weekday,10,0.060773,USCA-XXSD-NB26-0000,Aug Weekday HS10,All
NBT26,generation,Aug,Weekday,11,0.0602,USCA-XXSD-NB26-0000,Aug Weekday HS11,All
NBT26,generation,Aug,Weekday,12,0.060135,USCA-XXSD-NB26-0000,Aug Weekday HS12,All
NBT26,generation,Aug,Weekday,13,0.059899,USCA-XXSD-NB26-0000,Aug Weekday HS13,All
NBT26,generation,Aug,Weekday,14,0.060172,USCA-XXSD-NB26-0000,Aug Weekday HS14,All
NBT26,generation,Aug,Weekday,15,0.063553,USCA-XXSD-NB26-0000,Aug Weekday HS15,All
NBT26,generation,Aug,Weekday,16,0.076317,USCA-XXSD-NB26-0000,Aug Weekday HS16,All
NBT26,generation,Aug,Weekday,17,0.827181,USCA-XXSD-NB26-0000,Aug Weekday HS17,All
NBT26,generation,Aug,Weekday,18,0.864014,USCA-XXSD-NB26-0000,Aug Weekday HS18,All
NBT26,generation,Aug,Weekday,19,0.891346,USCA-XXSD-NB26-0000,Aug Weekday HS19,All
NBT26,generation,Aug,Weekday,20,0.974134,USCA-XXSD-NB26-0000,Aug Weekday HS20,All
NBT26,generation,Aug,Weekday,21,0.872606,USCA-XXSD-NB26-0000,Aug Weekday HS21,All
NBT26,generation,Aug,Weekday,22,0.863232,USCA-XXSD-NB26-0000,Aug Weekday HS22,All
NBT26,generation,Aug,Weekday,23,0.087852,USCA-XXSD-NB26-0000,Aug Weekday HS23,All
NBT26,generation,Aug,Weekend,0,0.084578,USCA-XXSD-NB26-0000,Aug Weekend HS0,All
NBT26,generation,Aug,Weekend,1,0.083026,USCA-XXSD-NB26-0000,Aug Weekend HS1,All
NBT26,generation,Aug,Weekend,2,0.084873,USCA-XXSD-NB26-0000,Aug Weekend HS2,All
NBT26,generation,Aug,Weekend,3,0.078365,USCA-XXSD-NB26-0000,Aug Weekend HS3,All
NBT26,generation,Aug,Weekend,4,0.075695,USCA-XXSD-NB26-0000,Aug Weekend HS4,All
NBT26,generation,Aug,Weekend,5,0.075779,USCA-XXSD-NB26-0000,Aug Weekend HS5,All
NBT26,generation,Aug,Weekend,6,0.07001,USCA-XXSD-NB26-0000,Aug Weekend HS6,All
NBT26,generation,Aug,Weekend,7,0.059209,USCA-XXSD-NB26-0000,Aug Weekend HS7,All
NBT26,generation,Aug,Weekend,8,0.041725,USCA-XXSD-NB26-0000,Aug Weekend HS8,All
NBT26,generation,Aug,Weekend,9,0.038283,USCA-XXSD-NB26-0000,Aug Weekend HS9,All
NBT26,generation,Aug,Weekend,10,0.037844,USCA-XXSD-NB26-0000,Aug Weekend HS10,All
NBT26,generation,Aug,Weekend,11,0.037935,USCA-XXSD-NB26-0000,Aug Weekend HS11,All
NBT26,generation,Aug,Weekend,12,0.034757,USCA-XXSD-NB26-0000,Aug Weekend HS12,All
NBT26,generation,Aug,Weekend,13,0.034411,USCA-XXSD-NB26-0000,Aug Weekend HS13,All
NBT26,generation,Aug,Weekend,14,0.03468,USCA-XXSD-NB26-0000,Aug Weekend HS14,All
NBT26,generation,Aug,Weekend,15,0.04136,USCA-XXSD-NB26-0000,Aug Weekend HS15,All
NBT26,generation,Aug,Weekend,16,0.05618,USCA-XXSD-NB26-0000,Aug Weekend HS16,All
NBT26,generation,Aug,Weekend,17,0.86768,USCA-XXSD-NB26-0000,Aug Weekend HS17,All
NBT26,generation,Aug,Weekend,18,0.921784,USCA-XXSD-NB26-0000,Aug Weekend HS18,All
NBT26,generation,Aug,Weekend,19,0.940835,USCA-XXSD-NB26-0000,Aug Weekend HS19,All
NBT26,generation,Aug,Weekend,20,1.015889,USCA-XXSD-NB26-0000,Aug Weekend HS20,All
NBT26,generation,Aug,Weekend,21,0.930768,USCA-XXSD-NB26-0000,Aug Weekend HS21,All
NBT26,generation,Aug,Weekend,22,0.922093,USCA-XXSD-NB26-0000,Aug Weekend HS22,All
NBT26,generation,Aug,Weekend,23,0.086636,USCA-XXSD-NB26-0000,Aug Weekend HS23,All
NBT26,generation,Sep,Weekday,0,0.088639,USCA-XXSD-NB26-0000,Sep Weekday HS0,All
NBT26,generation,Sep,Weekday,1,0.08654,USCA-XXSD-NB26-0000,Sep Weekday HS1,All
NBT26,generation,Sep,Weekday,2,0.085032,USCA-XXSD-NB26-0000,Sep Weekday HS2,All
NBT26,generation,Sep,Weekday,3,0.081474,USCA-XXSD-NB26-0000,Sep Weekday HS3,All
NBT26,generation,Sep,Weekday,4,0.080286,USCA-XXSD-NB26-0000,Sep Weekday HS4,All
NBT26,generation,Sep,Weekday,5,0.083082,USCA-XXSD-NB26-0000,Sep Weekday HS5,All
NBT26,generation,Sep,Weekday,6,0.08058,USCA-XXSD-NB26-0000,Sep Weekday HS6,All
NBT26,generation,Sep,Weekday,7,0.067567,USCA-XXSD-NB26-0000,Sep Weekday HS7,All
NBT26,generation,Sep,Weekday,8,0.060445,USCA-XXSD-NB26-0000,Sep Weekday HS8,All
NBT26,generation,Sep,Weekday,9,0.056538,USCA-XXSD-NB26-0000,Sep Weekday HS9,All
NBT26,generation,Sep,Weekday,10,0.054561,USCA-XXSD-NB26-0000,Sep Weekday HS10,All
NBT26,generation,Sep,Weekday,11,0.054301,USCA-XXSD-NB26-0000,Sep Weekday HS11,All
NBT26,generation,Sep,Weekday,12,0.054119,USCA-XXSD-NB26-0000,Sep Weekday HS12,All
NBT26,generation,Sep,Weekday,13,0.05407,USCA-XXSD-NB26-0000,Sep Weekday HS13,All
NBT26,generation,Sep,Weekday,14,0.051519,USCA-XXSD-NB26-0000,Sep Weekday HS14,All
NBT26,generation,Sep,Weekday,15,0.051169,USCA-XXSD-NB26-0000,Sep Weekday HS15,All
NBT26,generation,Sep,Weekday,16,0.067752,USCA-XXSD-NB26-0000,Sep Weekday HS16,All
NBT26,generation,Sep,Weekday,17,0.131109,USCA-XXSD-NB26-0000,Sep Weekday HS17,All
NBT26,generation,Sep,Weekday,18,0.448955,USCA-XXSD-NB26-0000,Sep Weekday HS18,All
NBT26,generation,Sep,Weekday,19,0.580566,USCA-XXSD-NB26-0000,Sep Weekday HS19,All
NBT26,generation,Sep,Weekday,20,0.309469,USCA-XXSD-NB26-0000,Sep Weekday HS20,All
NBT26,generation,Sep,Weekday,21,0.149838,USCA-XXSD-NB26-0000,Sep Weekday HS21,All
NBT26,generation,Sep,Weekday,22,0.149167,USCA-XXSD-NB26-0000,Sep Weekday HS22,All
NBT26,generation,Sep,Weekday,23,0.094353,USCA-XXSD-NB26-0000,Sep Weekday HS23,All
NBT26,generation,Sep,Weekend,0,0.078143,USCA-XXSD-NB26-0000,Sep Weekend HS0,All
NBT26,generation,Sep,Weekend,1,0.081011,USCA-XXSD-NB26-0000,Sep Weekend HS1,All
NBT26,generation,Sep,Weekend,2,0.079276,USCA-XXSD-NB26-0000,Sep Weekend HS2,All
NBT26,generation,Sep,Weekend,3,0.075727,USCA-XXSD-NB26-0000,Sep Weekend HS3,All
NBT26,generation,Sep,Weekend,4,0.074796,USCA-XXSD-NB26-0000,Sep Weekend HS4,All
NBT26,generation,Sep,Weekend,5,0.074732,USCA-XXSD-NB26-0000,Sep Weekend HS5,All
NBT26,generation,Sep,Weekend,6,0.072665,USCA-XXSD-NB26-0000,Sep Weekend HS6,All
NBT26,generation,Sep,Weekend,7,0.059871,USCA-XXSD-NB26-0000,Sep Weekend HS7,All
NBT26,generation,Sep,Weekend,8,0.035491,USCA-XXSD-NB26-0000,Sep Weekend HS8,All
NBT26,generation,Sep,Weekend,9,0.023119,USCA-XXSD-NB26-0000,Sep Weekend HS9,All
NBT26,generation,Sep,Weekend,10,0.020126,USCA-XXSD-NB26-0000,Sep Weekend HS10,All
NBT26,generation,Sep,Weekend,11,0.019322,USCA-XXSD-NB26-0000,Sep Weekend HS11,All
NBT26,generation,Sep,Weekend,12,0.016459,USCA-XXSD-NB26-0000,Sep Weekend HS12,All
NBT26,generation,Sep,Weekend,13,0.018447,USCA-XXSD-NB26-0000,Sep Weekend HS13,All
NBT26,generation,Sep,Weekend,14,0.022584,USCA-XXSD-NB26-0000,Sep Weekend HS14,All
NBT26,generation,Sep,Weekend,15,0.025238,USCA-XXSD-NB26-0000,Sep Weekend HS15,All
NBT26,generation,Sep,Weekend,16,0.042165,USCA-XXSD-NB26-0000,Sep Weekend HS16,All
NBT26,generation,Sep,Weekend,17,0.12042,USCA-XXSD-NB26-0000,Sep Weekend HS17,All
NBT26,generation,Sep,Weekend,18,0.520242,USCA-XXSD-NB26-0000,Sep Weekend HS18,All
NBT26,generation,Sep,Weekend,19,0.677033,USCA-XXSD-NB26-0000,Sep Weekend HS19,All
NBT26,generation,Sep,Weekend,20,0.339703,USCA-XXSD-NB26-0000,Sep Weekend HS20,All
NBT26,generation,Sep,Weekend,21,0.161182,USCA-XXSD-NB26-0000,Sep Weekend HS21,All
NBT26,generation,Sep,Weekend,22,0.161611,USCA-XXSD-NB26-0000,Sep Weekend HS22,All
NBT26,generation,Sep,Weekend,23,0.09104,USCA-XXSD-NB26-0000,Sep Weekend HS23,All
NBT26,generation,Oct,Weekday,0,0.085274,USCA-XXSD-NB26-0000,Oct Weekday HS0,All
NBT26,generation,Oct,Weekday,1,0.085859,USCA-XXSD-NB26-0000,Oct Weekday HS1,All
NBT26,generation,Oct,Weekday,2,0.082577,USCA-XXSD-NB26-0000,Oct Weekday HS2,All
NBT26,generation,Oct,Weekday,3,0.078518,USCA-XXSD-NB26-0000,Oct Weekday HS3,All
NBT26,generation,Oct,Weekday,4,0.078491,USCA-XXSD-NB26-0000,Oct Weekday HS4,All
NBT26,generation,Oct,Weekday,5,0.078529,USCA-XXSD-NB26-0000,Oct Weekday HS5,All
NBT26,generation,Oct,Weekday,6,0.082707,USCA-XXSD-NB26-0000,Oct Weekday HS6,All
NBT26,generation,Oct,Weekday,7,0.072811,USCA-XXSD-NB26-0000,Oct Weekday HS7,All
NBT26,generation,Oct,Weekday,8,0.062931,USCA-XXSD-NB26-0000,Oct Weekday HS8,All
NBT26,generation,Oct,Weekday,9,0.057272,USCA-XXSD-NB26-0000,Oct Weekday HS9,All
NBT26,generation,Oct,Weekday,10,0.056142,USCA-XXSD-NB26-0000,Oct Weekday HS10,All
NBT26,generation,Oct,Weekday,11,0.054416,USCA-XXSD-NB26-0000,Oct Weekday HS11,All
NBT26,generation,Oct,Weekday,12,0.053737,USCA-XXSD-NB26-0000,Oct Weekday HS12,All
NBT26,generation,Oct,Weekday,13,0.053131,USCA-XXSD-NB26-0000,Oct Weekday HS13,All
NBT26,generation,Oct,Weekday,14,0.052773,USCA-XXSD-NB26-0000,Oct Weekday HS14,All
NBT26,generation,Oct,Weekday,15,0.052498,USCA-XXSD-NB26-0000,Oct Weekday HS15,All
NBT26,generation,Oct,Weekday,16,0.058191,USCA-XXSD-NB26-0000,Oct Weekday HS16,All
NBT26,generation,Oct,Weekday,17,0.088394,USCA-XXSD-NB26-0000,Oct Weekday HS17,All
NBT26,generation,Oct,Weekday,18,0.0912,USCA-XXSD-NB26-0000,Oct Weekday HS18,All
NBT26,generation,Oct,Weekday,19,0.088724,USCA-XXSD-NB26-0000,Oct Weekday HS19,All
NBT26,generation,Oct,Weekday,20,0.084986,USCA-XXSD-NB26-0000,Oct Weekday HS20,All
NBT26,generation,Oct,Weekday,21,0.080482,USCA-XXSD-NB26-0000,Oct Weekday HS21,All
NBT26,generation,Oct,Weekday,22,0.086965,USCA-XXSD-NB26-0000,Oct Weekday HS22,All
NBT26,generation,Oct,Weekday,23,0.087828,USCA-XXSD-NB26-0000,Oct Weekday HS23,All
NBT26,generation,Oct,Weekend,0,0.077874,USCA-XXSD-NB26-0000,Oct Weekend HS0,All
NBT26,generation,Oct,Weekend,1,0.078791,USCA-XXSD-NB26-0000,Oct Weekend HS1,All
NBT26,generation,Oct,Weekend,2,0.075375,USCA-XXSD-NB26-0000,Oct Weekend HS2,All
NBT26,generation,Oct,Weekend,3,0.076025,USCA-XXSD-NB26-0000,Oct Weekend HS3,All
NBT26,generation,Oct,Weekend,4,0.074459,USCA-XXSD-NB26-0000,Oct Weekend HS4,All
NBT26,generation,Oct,Weekend,5,0.073682,USCA-XXSD-NB26-0000,Oct Weekend HS5,All
NBT26,generation,Oct,Weekend,6,0.071367,USCA-XXSD-NB26-0000,Oct Weekend HS6,All
NBT26,generation,Oct,Weekend,7,0.064215,USCA-XXSD-NB26-0000,Oct Weekend HS7,All
NBT26,generation,Oct,Weekend,8,0.042769,USCA-XXSD-NB26-0000,Oct Weekend HS8,All
NBT26,generation,Oct,Weekend,9,0.020851,USCA-XXSD-NB26-0000,Oct Weekend HS9,All
NBT26,generation,Oct,Weekend,10,0.020838,USCA-XXSD-NB26-0000,Oct Weekend HS10,All
NBT26,generation,Oct,Weekend,11,0.020131,USCA-XXSD-NB26-0000,Oct Weekend HS11,All
NBT26,generation,Oct,Weekend,12,0.019775,USCA-XXSD-NB26-0000,Oct Weekend HS12,All
NBT26,generation,Oct,Weekend,13,0.018893,USCA-XXSD-NB26-0000,Oct Weekend HS13,All
NBT26,generation,Oct,Weekend,14,0.020418,USCA-XXSD-NB26-0000,Oct Weekend HS14,All
NBT26,generation,Oct,Weekend,15,0.02148,USCA-XXSD-NB26-0000,Oct Weekend HS15,All
NBT26,generation,Oct,Weekend,16,0.037406,USCA-XXSD-NB26-0000,Oct Weekend HS16,All
NBT26,generation,Oct,Weekend,17,0.07838,USCA-XXSD-NB26-0000,Oct Weekend HS17,All
NBT26,generation,Oct,Weekend,18,0.080806,USCA-XXSD-NB26-0000,Oct Weekend HS18,All
NBT26,generation,Oct,Weekend,19,0.079563,USCA-XXSD-NB26-0000,Oct Weekend HS19,All
NBT26,generation,Oct,Weekend,20,0.07826,USCA-XXSD-NB26-0000,Oct Weekend HS20,All
NBT26,generation,Oct,Weekend,21,0.076004,USCA-XXSD-NB26-0000,Oct Weekend HS21,All
NBT26,generation,Oct,Weekend,22,0.087735,USCA-XXSD-NB26-0000,Oct Weekend HS22,All
NBT26,generation,Oct,Weekend,23,0.082157,USCA-XXSD-NB26-0000,Oct Weekend HS23,All
NBT26,generation,Nov,Weekday,0,0.08268,USCA-XXSD-NB26-0000,Nov Weekday HS0,All
NBT26,generation,Nov,Weekday,1,0.081419,USCA-XXSD-NB26-0000,Nov Weekday HS1,All
NBT26,generation,Nov,Weekday,2,0.079826,USCA-XXSD-NB26-0000,Nov Weekday HS2,All
NBT26,generation,Nov,Weekday,3,0.078759,USCA-XXSD-NB26-0000,Nov Weekday HS3,All
NBT26,generation,Nov,Weekday,4,0.082833,USCA-XXSD-NB26-0000,Nov Weekday HS4,All
NBT26,generation,Nov,Weekday,5,0.084505,USCA-XXSD-NB26-0000,Nov Weekday HS5,All
NBT26,generation,Nov,Weekday,6,0.081069,USCA-XXSD-NB26-0000,Nov Weekday HS6,All
NBT26,generation,Nov,Weekday,7,0.071326,USCA-XXSD-NB26-0000,Nov Weekday HS7,All
NBT26,generation,Nov,Weekday,8,0.061549,USCA-XXSD-NB26-0000,Nov Weekday HS8,All
NBT26,generation,Nov,Weekday,9,0.058933,USCA-XXSD-NB26-0000,Nov Weekday HS9,All
NBT26,generation,Nov,Weekday,10,0.056738,USCA-XXSD-NB26-0000,Nov Weekday HS10,All
NBT26,generation,Nov,Weekday,11,0.054461,USCA-XXSD-NB26-0000,Nov Weekday HS11,All
NBT26,generation,Nov,Weekday,12,0.053093,USCA-XXSD-NB26-0000,Nov Weekday HS12,All
NBT26,generation,Nov,Weekday,13,0.047083,USCA-XXSD-NB26-0000,Nov Weekday HS13,All
NBT26,generation,Nov,Weekday,14,0.048456,USCA-XXSD-NB26-0000,Nov Weekday HS14,All
NBT26,generation,Nov,Weekday,15,0.062657,USCA-XXSD-NB26-0000,Nov Weekday HS15,All
NBT26,generation,Nov,Weekday,16,0.089199,USCA-XXSD-NB26-0000,Nov Weekday HS16,All
NBT26,generation,Nov,Weekday,17,0.091535,USCA-XXSD-NB26-0000,Nov Weekday HS17,All
NBT26,generation,Nov,Weekday,18,0.085865,USCA-XXSD-NB26-0000,Nov Weekday HS18,All
NBT26,generation,Nov,Weekday,19,0.083852,USCA-XXSD-NB26-0000,Nov Weekday HS19,All
NBT26,generation,Nov,Weekday,20,0.082859,USCA-XXSD-NB26-0000,Nov Weekday HS20,All
NBT26,generation,Nov,Weekday,21,0.084715,USCA-XXSD-NB26-0000,Nov Weekday HS21,All
NBT26,generation,Nov,Weekday,22,0.08578,USCA-XXSD-NB26-0000,Nov Weekday HS22,All
NBT26,generation,Nov,Weekday,23,0.088662,USCA-XXSD-NB26-0000,Nov Weekday HS23,All
NBT26,generation,Nov,Weekend,0,0.079228,USCA-XXSD-NB26-0000,Nov Weekend HS0,All
NBT26,generation,Nov,Weekend,1,0.075891,USCA-XXSD-NB26-0000,Nov Weekend HS1,All
NBT26,generation,Nov,Weekend,2,0.074473,USCA-XXSD-NB26-0000,Nov Weekend HS2,All
NBT26,generation,Nov,Weekend,3,0.073564,USCA-XXSD-NB26-0000,Nov Weekend HS3,All
NBT26,generation,Nov,Weekend,4,0.074291,USCA-XXSD-NB26-0000,Nov Weekend HS4,All
NBT26,generation,Nov,Weekend,5,0.07561,USCA-XXSD-NB26-0000,Nov Weekend HS5,All
NBT26,generation,Nov,Weekend,6,0.075633,USCA-XXSD-NB26-0000,Nov Weekend HS6,All
NBT26,generation,Nov,Weekend,7,0.055529,USCA-XXSD-NB26-0000,Nov Weekend HS7,All
NBT26,generation,Nov,Weekend,8,0.035524,USCA-XXSD-NB26-0000,Nov Weekend HS8,All
NBT26,generation,Nov,Weekend,9,0.026328,USCA-XXSD-NB26-0000,Nov Weekend HS9,All
NBT26,generation,Nov,Weekend,10,0.023922,USCA-XXSD-NB26-0000,Nov Weekend HS10,All
NBT26,generation,Nov,Weekend,11,0.02116,USCA-XXSD-NB26-0000,Nov Weekend HS11,All
NBT26,generation,Nov,Weekend,12,0.020757,USCA-XXSD-NB26-0000,Nov Weekend HS12,All
NBT26,generation,Nov,Weekend,13,0.020289,USCA-XXSD-NB26-0000,Nov Weekend HS13,All
NBT26,generation,Nov,Weekend,14,0.021091,USCA-XXSD-NB26-0000,Nov Weekend HS14,All
NBT26,generation,Nov,Weekend,15,0.039479,USCA-XXSD-NB26-0000,Nov Weekend HS15,All
NBT26,generation,Nov,Weekend,16,0.076592,USCA-XXSD-NB26-0000,Nov Weekend HS16,All
NBT26,generation,Nov,Weekend,17,0.088058,USCA-XXSD-NB26-0000,Nov Weekend HS17,All
NBT26,generation,Nov,Weekend,18,0.083664,USCA-XXSD-NB26-0000,Nov Weekend HS18,All
NBT26,generation,Nov,Weekend,19,0.080217,USCA-XXSD-NB26-0000,Nov Weekend HS19,All
NBT26,generation,Nov,Weekend,20,0.078072,USCA-XXSD-NB26-0000,Nov Weekend HS20,All
NBT26,generation,Nov,Weekend,21,0.077618,USCA-XXSD-NB26-0000,Nov Weekend HS21,All
NBT26,generation,Nov,Weekend,22,0.08189,USCA-XXSD-NB26-0000,Nov Weekend HS22,All
NBT26,generation,Nov,Weekend,23,0.077605,USCA-XXSD-NB26-0000,Nov Weekend HS23,All
NBT26,generation,Dec,Weekday,0,0.084932,USCA-XXSD-NB26-0000,Dec Weekday HS0,All
NBT26,generation,Dec,Weekday,1,0.083194,USCA-XXSD-NB26-0000,Dec Weekday HS1,All
NBT26,generation,Dec,Weekday,2,0.080104,USCA-XXSD-NB26-0000,Dec Weekday HS2,All
NBT26,generation,Dec,Weekday,3,0.080725,USCA-XXSD-NB26-0000,Dec Weekday HS3,All
NBT26,generation,Dec,Weekday,4,0.082805,USCA-XXSD-NB26-0000,Dec Weekday HS4,All
NBT26,generation,Dec,Weekday,5,0.085323,USCA-XXSD-NB26-0000,Dec Weekday HS5,All
NBT26,generation,Dec,Weekday,6,0.095117,USCA-XXSD-NB26-0000,Dec Weekday HS6,All
NBT26,generation,Dec,Weekday,7,0.079411,USCA-XXSD-NB26-0000,Dec Weekday HS7,All
NBT26,generation,Dec,Weekday,8,0.070383,USCA-XXSD-NB26-0000,Dec Weekday HS8,All
NBT26,generation,Dec,Weekday,9,0.066264,USCA-XXSD-NB26-0000,Dec Weekday HS9,All
NBT26,generation,Dec,Weekday,10,0.06399,USCA-XXSD-NB26-0000,Dec Weekday HS10,All
NBT26,generation,Dec,Weekday,11,0.060404,USCA-XXSD-NB26-0000,Dec Weekday HS11,All
NBT26,generation,Dec,Weekday,12,0.056634,USCA-XXSD-NB26-0000,Dec Weekday HS12,All
NBT26,generation,Dec,Weekday,13,0.057032,USCA-XXSD-NB26-0000,Dec Weekday HS13,All
NBT26,generation,Dec,Weekday,14,0.05615,USCA-XXSD-NB26-0000,Dec Weekday HS14,All
NBT26,generation,Dec,Weekday,15,0.066642,USCA-XXSD-NB26-0000,Dec Weekday HS15,All
NBT26,generation,Dec,Weekday,16,0.090853,USCA-XXSD-NB26-0000,Dec Weekday HS16,All
NBT26,generation,Dec,Weekday,17,0.09562,USCA-XXSD-NB26-0000,Dec Weekday HS17,All
NBT26,generation,Dec,Weekday,18,0.094919,USCA-XXSD-NB26-0000,Dec Weekday HS18,All
NBT26,generation,Dec,Weekday,19,0.087955,USCA-XXSD-NB26-0000,Dec Weekday HS19,All
NBT26,generation,Dec,Weekday,20,0.086725,USCA-XXSD-NB26-0000,Dec Weekday HS20,All
NBT26,generation,Dec,Weekday,21,0.086318,USCA-XXSD-NB26-0000,Dec Weekday HS21,All
NBT26,generation,Dec,Weekday,22,0.087826,USCA-XXSD-NB26-0000,Dec Weekday HS22,All
NBT26,generation,Dec,Weekday,23,0.088102,USCA-XXSD-NB26-0000,Dec Weekday HS23,All
NBT26,generation,Dec,Weekend,0,0.078906,USCA-XXSD-NB26-0000,Dec Weekend HS0,All
NBT26,generation,Dec,Weekend,1,0.077335,USCA-XXSD-NB26-0000,Dec Weekend HS1,All
NBT26,generation,Dec,Weekend,2,0.073816,USCA-XXSD-NB26-0000,Dec Weekend HS2,All
NBT26,generation,Dec,Weekend,3,0.070099,USCA-XXSD-NB26-0000,Dec Weekend HS3,All
NBT26,generation,Dec,Weekend,4,0.069142,USCA-XXSD-NB26-0000,Dec Weekend HS4,All
NBT26,generation,Dec,Weekend,5,0.071054,USCA-XXSD-NB26-0000,Dec Weekend HS5,All
NBT26,generation,Dec,Weekend,6,0.074064,USCA-XXSD-NB26-0000,Dec Weekend HS6,All
NBT26,generation,Dec,Weekend,7,0.064258,USCA-XXSD-NB26-0000,Dec Weekend HS7,All
NBT26,generation,Dec,Weekend,8,0.042021,USCA-XXSD-NB26-0000,Dec Weekend HS8,All
NBT26,generation,Dec,Weekend,9,0.021927,USCA-XXSD-NB26-0000,Dec Weekend HS9,All
NBT26,generation,Dec,Weekend,10,0.020791,USCA-XXSD-NB26-0000,Dec Weekend HS10,All
NBT26,generation,Dec,Weekend,11,0.018929,USCA-XXSD-NB26-0000,Dec Weekend HS11,All
NBT26,generation,Dec,Weekend,12,0.020144,USCA-XXSD-NB26-0000,Dec Weekend HS12,All
NBT26,generation,Dec,Weekend,13,0.014489,USCA-XXSD-NB26-0000,Dec Weekend HS13,All
NBT26,generation,Dec,Weekend,14,0.01388,USCA-XXSD-NB26-0000,Dec Weekend HS14,All
NBT26,generation,Dec,Weekend,15,0.04013,USCA-XXSD-NB26-0000,Dec Weekend HS15,All
NBT26,generation,Dec,Weekend,16,0.080371,USCA-XXSD-NB26-0000,Dec Weekend HS16,All
NBT26,generation,Dec,Weekend,17,0.085522,USCA-XXSD-NB26-0000,Dec Weekend HS17,All
NBT26,generation,Dec,Weekend,18,0.083405,USCA-XXSD-NB26-0000,Dec Weekend HS18,All
NBT26,generation,Dec,Weekend,19,0.079338,USCA-XXSD-NB26-0000,Dec Weekend HS19,All
NBT26,generation,Dec,Weekend,20,0.07815,USCA-XXSD-NB26-0000,Dec Weekend HS20,All
NBT26,generation,Dec,Weekend,21,0.073548,USCA-XXSD-NB26-0000,Dec Weekend HS21,All
NBT26,generation,Dec,Weekend,22,0.074825,USCA-XXSD-NB26-0000,Dec Weekend HS22,All
NBT26,generation,Dec,Weekend,23,0.073798,USCA-XXSD-NB26-0000,Dec Weekend HS23,All
